"혈액원별(1)","수혈용량별(1)",2015,2015,2015,2015,2015,2015,2015,2015,2015,2015,2015,2015,2015,2015,2015,2015,2015,2015,2015,2015,2015,2015,2015,2015,2015,2016,2016,2016,2016,2016,2016,2016,2016,2016,2016,2016,2016,2016,2016,2016,2016,2016,2016,2016,2016,2016,2016,2016,2016,2016,2016,2016,2017,2017,2017,2017,2017,2017,2017,2017,2017,2017,2017,2017,2017,2017,2017,2017,2017,2017,2017,2017,2017,2017,2017,2017,2017,2017,2017,2018,2018,2018,2018,2018,2018,2018,2018,2018,2018,2018,2018,2018,2018,2018,2018,2018,2018,2018,2018,2018,2018,2018,2018,2018,2018,2018,2018,2018,2018,2018,2019,2019,2019,2019,2019,2019,2019,2019,2019,2019,2019,2019,2019,2019,2019,2019,2019,2019,2019,2019,2019,2019,2019,2019,2019,2019,2019,2019,2019,2019,2019,2020,2020,2020,2020,2020,2020,2020,2020,2020,2020,2020,2020,2020,2020,2020,2020,2020,2020,2020,2020,2020,2020,2020,2020,2020,2020,2020,2020,2020,2020,2020,2021,2021,2021,2021,2021,2021,2021,2021,2021,2021,2021,2021,2021,2021,2021,2021,2021,2021,2021,2021,2021,2021,2021,2021,2021,2021,2021,2021,2021,2021,2021,2022,2022,2022,2022,2022,2022,2022,2022,2022,2022,2022,2022,2022,2022,2022,2022,2022,2022,2022,2022,2022,2022,2022,2022,2022,2022,2022,2022,2022,2022,2022,2023,2023,2023,2023,2023,2023,2023,2023,2023,2023,2023,2023,2023,2023,2023,2023,2023,2023,2023,2023,2023,2023,2023,2023,2023,2023,2023,2023,2023,2023,2023,2024,2024,2024,2024,2024,2024,2024,2024,2024,2024,2024,2024,2024,2024,2024,2024,2024,2024,2024,2024,2024,2024,2024,2024,2024,2024,2024,2024,2024,2024,2024
"혈액원별(1)","수혈용량별(1)",합계,전혈제제,전혈제제,성분제제,성분제제,성분제제,성분제제,성분제제,성분제제,성분제제,성분제제,성분제제,성분제제,성분제제,성분제제,성분제제,성분제제,성분제제,성분제제,성분제제,성분제제,성분제제,성분제제,백혈구여과제거성분채혈 혈소판제제,백혈구여과제거성분채혈 혈소판제제,합계,전혈제제,전혈제제,성분제제,성분제제,성분제제,성분제제,성분제제,성분제제,성분제제,성분제제,성분제제,성분제제,성분제제,성분제제,성분제제,성분제제,성분제제,성분제제,성분제제,성분제제,성분제제,성분제제,성분제제,성분제제,백혈구여과제거성분채혈 혈소판제제,백혈구여과제거성분채혈 혈소판제제,합계,전혈제제,전혈제제,성분제제,성분제제,성분제제,성분제제,성분제제,성분제제,성분제제,성분제제,성분제제,성분제제,성분제제,성분제제,성분제제,성분제제,성분제제,성분제제,성분제제,성분제제,성분제제,성분제제,성분제제,성분제제,백혈구여과제거성분채혈 혈소판제제,백혈구여과제거성분채혈 혈소판제제,합계,전혈제제,전혈제제,성분제제,성분제제,성분제제,성분제제,성분제제,성분제제,성분제제,성분제제,성분제제,성분제제,성분제제,성분제제,성분제제,성분제제,성분제제,성분제제,성분제제,성분제제,성분제제,성분제제,성분제제,성분제제,백혈구여과제거성분채혈 혈소판제제,백혈구여과제거성분채혈 혈소판제제,백혈구여과제거성분채혈 혈소판제제,백혈구여과제거성분채혈 혈소판제제,백혈구여과제거성분채혈 혈소판제제,백혈구여과제거성분채혈 혈소판제제,합계,전혈제제,전혈제제,성분제제,성분제제,성분제제,성분제제,성분제제,성분제제,성분제제,성분제제,성분제제,성분제제,성분제제,성분제제,성분제제,성분제제,성분제제,성분제제,성분제제,성분제제,성분제제,성분제제,성분제제,성분제제,백혈구여과제거성분채혈 혈소판제제,백혈구여과제거성분채혈 혈소판제제,백혈구여과제거성분채혈 혈소판제제,백혈구여과제거성분채혈 혈소판제제,백혈구여과제거성분채혈 혈소판제제,백혈구여과제거성분채혈 혈소판제제,합계,전혈제제,전혈제제,성분제제,성분제제,성분제제,성분제제,성분제제,성분제제,성분제제,성분제제,성분제제,성분제제,성분제제,성분제제,성분제제,성분제제,성분제제,성분제제,성분제제,성분제제,성분제제,성분제제,성분제제,성분제제,백혈구여과제거성분채혈 혈소판제제,백혈구여과제거성분채혈 혈소판제제,백혈구여과제거성분채혈 혈소판제제,백혈구여과제거성분채혈 혈소판제제,백혈구여과제거성분채혈 혈소판제제,백혈구여과제거성분채혈 혈소판제제,합계,전혈제제,전혈제제,성분제제,성분제제,성분제제,성분제제,성분제제,성분제제,성분제제,성분제제,성분제제,성분제제,성분제제,성분제제,성분제제,성분제제,성분제제,성분제제,성분제제,성분제제,성분제제,성분제제,성분제제,성분제제,백혈구여과제거성분채혈 혈소판제제,백혈구여과제거성분채혈 혈소판제제,백혈구여과제거성분채혈 혈소판제제,백혈구여과제거성분채혈 혈소판제제,백혈구여과제거성분채혈 혈소판제제,백혈구여과제거성분채혈 혈소판제제,합계,전혈제제,전혈제제,성분제제,성분제제,성분제제,성분제제,성분제제,성분제제,성분제제,성분제제,성분제제,성분제제,성분제제,성분제제,성분제제,성분제제,성분제제,성분제제,성분제제,성분제제,성분제제,성분제제,성분제제,성분제제,백혈구여과제거성분채혈 혈소판제제,백혈구여과제거성분채혈 혈소판제제,백혈구여과제거성분채혈 혈소판제제,백혈구여과제거성분채혈 혈소판제제,백혈구여과제거성분채혈 혈소판제제,백혈구여과제거성분채혈 혈소판제제,합계,전혈제제,전혈제제,성분제제,성분제제,성분제제,성분제제,성분제제,성분제제,성분제제,성분제제,성분제제,성분제제,성분제제,성분제제,성분제제,성분제제,성분제제,성분제제,성분제제,성분제제,성분제제,성분제제,성분제제,성분제제,백혈구여과제거성분채혈 혈소판제제,백혈구여과제거성분채혈 혈소판제제,백혈구여과제거성분채혈 혈소판제제,백혈구여과제거성분채혈 혈소판제제,백혈구여과제거성분채혈 혈소판제제,백혈구여과제거성분채혈 혈소판제제,합계,전혈제제,전혈제제,성분제제,성분제제,성분제제,성분제제,성분제제,성분제제,성분제제,성분제제,성분제제,성분제제,성분제제,성분제제,성분제제,성분제제,성분제제,성분제제,성분제제,성분제제,성분제제,성분제제,성분제제,성분제제,백혈구여과제거성분채혈 혈소판제제,백혈구여과제거성분채혈 혈소판제제,백혈구여과제거성분채혈 혈소판제제,백혈구여과제거성분채혈 혈소판제제,백혈구여과제거성분채혈 혈소판제제,백혈구여과제거성분채혈 혈소판제제
"혈액원별(1)","수혈용량별(1)",소계,소계,소계,소계,소계,적혈구,적혈구,적혈구,적혈구,적혈구,적혈구,농축백혈구,농축백혈구,혈소판,혈소판,혈소판,혈소판,혈장,혈장,혈장,혈장,혈장,혈장,소계,소계,소계,소계,소계,소계,소계,적혈구,적혈구,적혈구,적혈구,적혈구,적혈구,농축백혈구,농축백혈구,혈소판,혈소판,혈소판,혈소판,혈장,혈장,혈장,혈장,혈장,혈장,혈장,혈장,소계,소계,소계,소계,소계,소계,소계,적혈구,적혈구,적혈구,적혈구,적혈구,적혈구,농축백혈구,농축백혈구,혈소판,혈소판,혈소판,혈소판,혈장,혈장,혈장,혈장,혈장,혈장,혈장,혈장,소계,소계,소계,소계,소계,소계,소계,적혈구,적혈구,적혈구,적혈구,적혈구,적혈구,농축백혈구,농축백혈구,혈소판,혈소판,혈소판,혈소판,혈장,혈장,혈장,혈장,혈장,혈장,혈장,혈장,소계,소계,백혈구여과제거혈소판,백혈구여과제거혈소판,세척혈소판,세척혈소판,소계,소계,소계,소계,소계,적혈구,적혈구,적혈구,적혈구,적혈구,적혈구,농축백혈구,농축백혈구,혈소판,혈소판,혈소판,혈소판,혈장,혈장,혈장,혈장,혈장,혈장,혈장,혈장,소계,소계,백혈구여과제거혈소판,백혈구여과제거혈소판,세척혈소판,세척혈소판,소계,소계,소계,소계,소계,적혈구,적혈구,적혈구,적혈구,적혈구,적혈구,농축백혈구,농축백혈구,혈소판,혈소판,혈소판,혈소판,혈장,혈장,혈장,혈장,혈장,혈장,혈장,혈장,소계,소계,백혈구여과제거혈소판,백혈구여과제거혈소판,세척혈소판,세척혈소판,소계,소계,소계,소계,소계,적혈구,적혈구,적혈구,적혈구,적혈구,적혈구,농축백혈구,농축백혈구,혈소판,혈소판,혈소판,혈소판,혈장,혈장,혈장,혈장,혈장,혈장,혈장,혈장,소계,소계,백혈구여과제거혈소판,백혈구여과제거혈소판,세척혈소판,세척혈소판,소계,소계,소계,소계,소계,적혈구,적혈구,적혈구,적혈구,적혈구,적혈구,농축백혈구,농축백혈구,혈소판,혈소판,혈소판,혈소판,혈장,혈장,혈장,혈장,혈장,혈장,혈장,혈장,소계,소계,백혈구여과제거혈소판,백혈구여과제거혈소판,세척혈소판,세척혈소판,소계,소계,소계,소계,소계,적혈구,적혈구,적혈구,적혈구,적혈구,적혈구,농축백혈구,농축백혈구,혈소판,혈소판,혈소판,혈소판,혈장,혈장,혈장,혈장,혈장,혈장,혈장,혈장,소계,소계,백혈구여과제거혈소판,백혈구여과제거혈소판,세척혈소판,세척혈소판,소계,소계,소계,소계,소계,적혈구,적혈구,적혈구,적혈구,적혈구,적혈구,농축백혈구,농축백혈구,혈소판,혈소판,혈소판,혈소판,혈장,혈장,혈장,혈장,혈장,혈장,혈장,혈장,소계,소계,백혈구여과제거혈소판,백혈구여과제거혈소판,세척혈소판,세척혈소판
"혈액원별(1)","수혈용량별(1)",소계,소계,소계,소계,소계,농축적혈구,농축적혈구,세척적혈구,세척적혈구,백혈구여과제거적혈구,백혈구여과제거적혈구,소계,소계,농축혈소판,농축혈소판,혈소판풍부혈장,혈소판풍부혈장,신선동결혈장,신선동결혈장,동결침전제제,동결침전제제,동결 침전물제거 혈장,동결 침전물제거 혈장,소계,소계,소계,소계,소계,소계,소계,농축적혈구,농축적혈구,세척적혈구,세척적혈구,백혈구여과제거적혈구,백혈구여과제거적혈구,소계,소계,농축혈소판,농축혈소판,혈소판풍부혈장,혈소판풍부혈장,신선동결혈장,신선동결혈장,동결혈장,동결혈장,동결침전제제,동결침전제제,동결 침전물제거 혈장,동결 침전물제거 혈장,소계,소계,소계,소계,소계,소계,소계,농축적혈구,농축적혈구,세척적혈구,세척적혈구,백혈구여과제거적혈구,백혈구여과제거적혈구,소계,소계,농축혈소판,농축혈소판,혈소판풍부혈장,혈소판풍부혈장,신선동결혈장,신선동결혈장,동결혈장,동결혈장,동결침전제제,동결침전제제,동결 침전물제거 혈장,동결 침전물제거 혈장,소계,소계,소계,소계,소계,소계,소계,농축적혈구,농축적혈구,세척적혈구,세척적혈구,백혈구여과제거적혈구,백혈구여과제거적혈구,소계,소계,농축혈소판,농축혈소판,혈소판풍부혈장,혈소판풍부혈장,신선동결혈장,신선동결혈장,동결혈장,동결혈장,동결침전제제,동결침전제제,동결 침전물제거 혈장,동결 침전물제거 혈장,소계,소계,소계,소계,소계,소계,소계,소계,소계,소계,소계,농축적혈구,농축적혈구,세척적혈구,세척적혈구,백혈구여과제거적혈구,백혈구여과제거적혈구,소계,소계,농축혈소판,농축혈소판,혈소판풍부혈장,혈소판풍부혈장,신선동결혈장,신선동결혈장,동결혈장,동결혈장,동결침전제제,동결침전제제,동결 침전물제거 혈장,동결 침전물제거 혈장,소계,소계,소계,소계,소계,소계,소계,소계,소계,소계,소계,농축적혈구,농축적혈구,세척적혈구,세척적혈구,백혈구여과제거적혈구,백혈구여과제거적혈구,소계,소계,농축혈소판,농축혈소판,혈소판풍부혈장,혈소판풍부혈장,신선동결혈장,신선동결혈장,동결혈장,동결혈장,동결침전제제,동결침전제제,동결 침전물제거 혈장,동결 침전물제거 혈장,소계,소계,소계,소계,소계,소계,소계,소계,소계,소계,소계,농축적혈구,농축적혈구,세척적혈구,세척적혈구,백혈구여과제거적혈구,백혈구여과제거적혈구,소계,소계,농축혈소판,농축혈소판,혈소판풍부혈장,혈소판풍부혈장,신선동결혈장,신선동결혈장,동결혈장,동결혈장,동결침전제제,동결침전제제,동결 침전물제거 혈장,동결 침전물제거 혈장,소계,소계,소계,소계,소계,소계,소계,소계,소계,소계,소계,농축적혈구,농축적혈구,세척적혈구,세척적혈구,백혈구여과제거적혈구,백혈구여과제거적혈구,소계,소계,농축혈소판,농축혈소판,혈소판풍부혈장,혈소판풍부혈장,신선동결혈장,신선동결혈장,동결혈장,동결혈장,동결침전제제,동결침전제제,동결 침전물제거 혈장,동결 침전물제거 혈장,소계,소계,소계,소계,소계,소계,소계,소계,소계,소계,소계,농축적혈구,농축적혈구,세척적혈구,세척적혈구,백혈구여과제거적혈구,백혈구여과제거적혈구,소계,소계,농축혈소판,농축혈소판,혈소판풍부혈장,혈소판풍부혈장,신선동결혈장,신선동결혈장,동결혈장,동결혈장,동결침전제제,동결침전제제,동결 침전물제거 혈장,동결 침전물제거 혈장,소계,소계,소계,소계,소계,소계,소계,소계,소계,소계,소계,농축적혈구,농축적혈구,세척적혈구,세척적혈구,백혈구여과제거적혈구,백혈구여과제거적혈구,소계,소계,농축혈소판,농축혈소판,혈소판풍부혈장,혈소판풍부혈장,신선동결혈장,신선동결혈장,동결혈장,동결혈장,동결침전제제,동결침전제제,동결 침전물제거 혈장,동결 침전물제거 혈장,소계,소계,소계,소계,소계,소계
"혈액원별(1)","수혈용량별(1)",혈액량 (unit),혈액량 (unit),구성비 (%),혈액량 (unit),구성비 (%),혈액량 (unit),구성비 (%),혈액량 (unit),구성비 (%),혈액량 (unit),구성비 (%),혈액량 (unit),구성비 (%),혈액량 (unit),구성비 (%),혈액량 (unit),구성비 (%),혈액량 (unit),구성비 (%),혈액량 (unit),구성비 (%),혈액량 (unit),구성비 (%),혈액량 (unit),구성비 (%),혈액량 (unit),혈액량 (unit),구성비 (%),혈액량 (unit),구성비 (%),혈액량 (unit),구성비 (%),혈액량 (unit),구성비 (%),혈액량 (unit),구성비 (%),혈액량 (unit),구성비 (%),혈액량 (unit),구성비 (%),혈액량 (unit),구성비 (%),혈액량 (unit),구성비 (%),혈액량 (unit),구성비 (%),혈액량 (unit),구성비 (%),혈액량 (unit),구성비 (%),혈액량 (unit),구성비 (%),혈액량 (unit),혈액량 (unit),구성비 (%),혈액량 (unit),구성비 (%),혈액량 (unit),구성비 (%),혈액량 (unit),구성비 (%),혈액량 (unit),구성비 (%),혈액량 (unit),구성비 (%),혈액량 (unit),구성비 (%),혈액량 (unit),구성비 (%),혈액량 (unit),구성비 (%),혈액량 (unit),구성비 (%),혈액량 (unit),구성비 (%),혈액량 (unit),구성비 (%),혈액량 (unit),구성비 (%),혈액량 (unit),혈액량 (unit),구성비 (%),혈액량 (unit),구성비 (%),혈액량 (unit),구성비 (%),혈액량 (unit),구성비 (%),혈액량 (unit),구성비 (%),혈액량 (unit),구성비 (%),혈액량 (unit),구성비 (%),혈액량 (unit),구성비 (%),혈액량 (unit),구성비 (%),혈액량 (unit),구성비 (%),혈액량 (unit),구성비 (%),혈액량 (unit),구성비 (%),혈액량 (unit),구성비 (%),혈액량 (unit),구성비 (%),혈액량 (unit),구성비 (%),혈액량 (unit),혈액량 (unit),구성비 (%),혈액량 (unit),구성비 (%),혈액량 (unit),구성비 (%),혈액량 (unit),구성비 (%),혈액량 (unit),구성비 (%),혈액량 (unit),구성비 (%),혈액량 (unit),구성비 (%),혈액량 (unit),구성비 (%),혈액량 (unit),구성비 (%),혈액량 (unit),구성비 (%),혈액량 (unit),구성비 (%),혈액량 (unit),구성비 (%),혈액량 (unit),구성비 (%),혈액량 (unit),구성비 (%),혈액량 (unit),구성비 (%),혈액량 (unit),혈액량 (unit),구성비 (%),혈액량 (unit),구성비 (%),혈액량 (unit),구성비 (%),혈액량 (unit),구성비 (%),혈액량 (unit),구성비 (%),혈액량 (unit),구성비 (%),혈액량 (unit),구성비 (%),혈액량 (unit),구성비 (%),혈액량 (unit),구성비 (%),혈액량 (unit),구성비 (%),혈액량 (unit),구성비 (%),혈액량 (unit),구성비 (%),혈액량 (unit),구성비 (%),혈액량 (unit),구성비 (%),혈액량 (unit),구성비 (%),혈액량 (unit),혈액량 (unit),구성비 (%),혈액량 (unit),구성비 (%),혈액량 (unit),구성비 (%),혈액량 (unit),구성비 (%),혈액량 (unit),구성비 (%),혈액량 (unit),구성비 (%),혈액량 (unit),구성비 (%),혈액량 (unit),구성비 (%),혈액량 (unit),구성비 (%),혈액량 (unit),구성비 (%),혈액량 (unit),구성비 (%),혈액량 (unit),구성비 (%),혈액량 (unit),구성비 (%),혈액량 (unit),구성비 (%),혈액량 (unit),구성비 (%),혈액량 (unit),혈액량 (unit),구성비 (%),혈액량 (unit),구성비 (%),혈액량 (unit),구성비 (%),혈액량 (unit),구성비 (%),혈액량 (unit),구성비 (%),혈액량 (unit),구성비 (%),혈액량 (unit),구성비 (%),혈액량 (unit),구성비 (%),혈액량 (unit),구성비 (%),혈액량 (unit),구성비 (%),혈액량 (unit),구성비 (%),혈액량 (unit),구성비 (%),혈액량 (unit),구성비 (%),혈액량 (unit),구성비 (%),혈액량 (unit),구성비 (%),혈액량 (unit),혈액량 (unit),구성비 (%),혈액량 (unit),구성비 (%),혈액량 (unit),구성비 (%),혈액량 (unit),구성비 (%),혈액량 (unit),구성비 (%),혈액량 (unit),구성비 (%),혈액량 (unit),구성비 (%),혈액량 (unit),구성비 (%),혈액량 (unit),구성비 (%),혈액량 (unit),구성비 (%),혈액량 (unit),구성비 (%),혈액량 (unit),구성비 (%),혈액량 (unit),구성비 (%),혈액량 (unit),구성비 (%),혈액량 (unit),구성비 (%),혈액량 (unit),혈액량 (unit),구성비 (%),혈액량 (unit),구성비 (%),혈액량 (unit),구성비 (%),혈액량 (unit),구성비 (%),혈액량 (unit),구성비 (%),혈액량 (unit),구성비 (%),혈액량 (unit),구성비 (%),혈액량 (unit),구성비 (%),혈액량 (unit),구성비 (%),혈액량 (unit),구성비 (%),혈액량 (unit),구성비 (%),혈액량 (unit),구성비 (%),혈액량 (unit),구성비 (%),혈액량 (unit),구성비 (%),혈액량 (unit),구성비 (%)
"합계","합계",4048199,1218,0.0,3849783,95.1,1730519,42.7,2219,0.1,215361,5.3,1087,0.0,1250336,30.9,7,0.0,573284,14.2,75859,1.9,1111,0.0,197198,4.9,3920575,1033,-,3702820,94.4,1658430,42.3,2117,0.1,241168,6.2,329,-,1165399,29.7,44,-,552142,14.1,-,-,82496,2.1,695,-,216722,5.5,4136518,901,-,3931487,95.0,1630305,39.4,2038,-,274026,6.6,238,-,1409106,34.1,18,-,532712,12.9,-,-,82902,2.0,142,-,204130,4.9,4277762,764,-,4072242,95.2,1600656,37.4,1806,-,301918,7.1,73,-,1547181,36.2,8,-,530650,12.4,-,-,89195,2.1,755,-,204756,4.8,204621,4.8,135,-,4354132,678,-,4146367,95.2,1557588,35.8,1978,-,353602,8.1,284,-,1613794,37.1,19,-,532524,12.2,-,-,86524,2.0,54,-,207087,4.8,206815,4.7,272,-,4129790,483,-,3913841,94.8,1416513,34.3,1746,-,371740,9.0,137,-,1511622,36.6,27,-,523682,12.7,-,-,88126,2.1,248,-,215466,5.2,215344,5.2,122,-,4235541,275,0.0,4004973,94.6,1390445,32.8,1646,0.0,397185,9.4,165,0.0,1596400,37.7,46,0.0,521626,12.3,-,-,97460,2.3,-,-,230293,5.4,230168,5.4,125,0.0,4176012,172,0.0,3944918,94.5,1374115,32.9,1013,0.0,405088,9.7,42,0.0,1550253,37.1,9,0.0,508526,12.2,-,-,105584,2.5,288,0.0,230922,5.5,230891,5.5,31,0.0,4248924,136,0.0,3988884,93.9,1355622,31.9,1277,0.0,447510,10.5,72,0.0,1558876,36.7,-,-,519502,12.2,-,-,106025,2.5,-,-,259904,6.1,259498,6.1,406,0.0,3996018,141,0.0,3740214,93.6,1357086,34.0,812,0.0,406924,10.2,27,0.0,1457417,36.5,-,-,424421,10.6,-,-,93527,2.3,-,-,255663,6.4,255467,6.4,196,0.0
"합계","320mL",1324302,439,0.0,1323863,100.0,815178,61.6,57,0.0,-,-,341,0.0,483676,36.5,1,0.0,10569,0.8,14041,1.1,-,-,-,-,1199644,331,-,1199313,100.0,736036,61.4,34,-,-,-,103,-,438145,36.5,-,-,11071,0.9,-,-,13924,1.2,-,-,-,-,1287148,218,-,1286930,100.0,719861,55.9,63,-,-,-,38,-,547261,42.5,3,-,6646,0.5,-,-,13058,1.0,-,-,-,-,1340479,224,-,1340255,100.0,714133,53.3,86,-,-,-,3,-,606680,45.3,-,-,7136,0.5,-,-,12216,0.9,1,-,-,-,-,-,-,-,1393906,96,-,1393810,100.0,729016,52.3,54,-,-,-,52,-,644423,46.2,-,-,7991,0.6,-,-,12274,0.9,-,-,-,-,-,-,-,-,1169409,63,-,1169346,100.0,612484,52.4,26,-,-,-,12,-,540141,46.2,-,-,8274,0.7,-,-,8409,0.7,-,-,-,-,-,-,-,-,1250385,49,0.0,1250336,100.0,638122,51.0,20,0.0,-,-,-,-,593401,47.5,-,-,9385,0.8,-,-,9408,0.8,-,-,-,-,-,-,-,-,1311651,26,0.0,1311625,100.0,677957,51.7,8,0.0,-,-,30,0.0,613949,46.8,-,-,11871,0.9,-,-,7810,0.6,-,-,-,-,-,-,-,-,1295633,13,0.0,1295620,100.0,674016,52.0,43,0.0,-,-,23,0.0,604010,46.6,-,-,6886,0.5,-,-,10642,0.8,-,-,-,-,-,-,-,-,1086723,10,0.0,1086713,100.0,588939,54.2,9,0.0,-,-,3,0.0,486911,44.8,-,-,2969,0.3,-,-,7882,0.7,-,-,-,-,-,-,-,-
"합계","400mL",2526699,779,0.0,2525920,100.0,915341,36.2,2162,0.1,215361,8.5,746,0.0,766660,30.3,6,0.0,562715,22.3,61818,2.4,1111,0.0,-,-,2504209,702,-,2503507,100.0,922394,36.8,2083,0.1,241168,9.6,226,-,727254,29.0,44,-,541071,21.6,-,-,68572,2.7,695,-,-,-,2645240,683,-,2644557,100.0,910444,34.4,1975,0.1,274026,10.4,200,-,861845,32.6,15,-,526066,19.9,-,-,69844,2.6,142,-,-,-,2732527,540,-,2731987,100.0,886523,32.4,1720,0.1,301918,11.0,70,-,940501,34.4,8,-,523514,19.2,-,-,76979,2.8,754,-,-,-,-,-,-,-,2753139,582,-,2752557,100.0,828572,30.1,1924,0.1,353602,12.8,232,-,969371,35.2,19,-,524533,19.1,-,-,74250,2.7,54,-,-,-,-,-,-,-,2744915,420,-,2744495,100.0,804029,29.3,1720,0.1,371740,13.5,125,-,971481,35.4,27,-,515408,18.8,-,-,79717,2.9,248,-,-,-,-,-,-,-,2754863,226,0.0,2754637,100.0,752323,27.3,1626,0.1,397185,14.4,165,0.0,1002999,36.4,46,0.0,512241,18.6,-,-,88052,3.2,-,-,-,-,-,-,-,-,2633439,146,0.0,2633293,100.0,696158,26.4,1005,0.0,405088,15.4,12,0.0,936304,35.6,9,0.0,496655,18.9,-,-,97774,3.7,288,0.0,-,-,-,-,-,-,2693387,123,0.0,2693264,100.0,681606,25.3,1234,0.0,447510,16.6,49,0.0,954866,35.5,-,-,512616,19.0,-,-,95383,3.5,-,-,-,-,-,-,-,-,2653632,131,0.0,2653501,100.0,768147,28.9,803,0.0,406924,15.3,24,0.0,970506,36.6,-,-,421452,15.9,-,-,85645,3.2,-,-,-,-,-,-,-,-
"서울중앙","합계",-,-,-,-,-,-,-,-,-,-,-,-,-,-,-,-,-,-,-,-,-,-,-,-,-,-,-,-,-,-,-,-,-,-,-,-,-,-,-,-,-,-,-,-,-,-,-,-,-,-,-,-,-,-,-,-,-,-,-,-,-,-,-,-,-,-,-,-,-,-,-,-,-,-,-,-,-,-,-,643230,12,-,590736,91.8,174616,27.1,967,0.2,71165,11.1,12,-,239154,37.2,-,-,91562,14.2,-,-,12826,2.0,434,0.1,52482,8.2,52482,8.2,-,-,652496,9,-,600904,92.1,169867,26.0,825,0.1,80027,12.3,14,-,249824,38.3,-,-,84776,13.0,-,-,15571,2.4,-,-,51583,7.9,51583,7.9,-,-,586914,8,-,534969,91.1,135408,23.1,873,0.1,81814,13.9,5,-,212551,36.2,-,-,90981,15.5,-,-,13337,2.3,-,-,51937,8.8,51937,8.8,-,-,636367,2,0.0,579356,91.0,137215,21.6,951,0.1,87184,13.7,-,-,244137,38.4,-,-,95716,15.0,-,-,14153,2.2,-,-,57009,9.0,57001,9.0,8,0.0,633414,23,0.0,575003,90.8,133217,21.0,266,0.0,93096,14.7,-,-,232133,36.6,-,-,95486,15.1,-,-,20805,3.3,-,-,58388,9.2,58384,9.2,4,0.0,644426,2,0.0,579597,89.9,132230,20.5,240,0.0,103855,16.1,9,0.0,220209,34.2,-,-,100058,15.5,-,-,22996,3.6,-,-,64827,10.1,64595,10.0,232,0.0,568646,2,0.0,499112,87.8,122309,21.5,176,0.0,96476,17.0,-,-,172783,30.4,-,-,83696,14.7,-,-,23672,4.2,-,-,69532,12.2,69453,12.2,79,0.0
"서울중앙","320mL",-,-,-,-,-,-,-,-,-,-,-,-,-,-,-,-,-,-,-,-,-,-,-,-,-,-,-,-,-,-,-,-,-,-,-,-,-,-,-,-,-,-,-,-,-,-,-,-,-,-,-,-,-,-,-,-,-,-,-,-,-,-,-,-,-,-,-,-,-,-,-,-,-,-,-,-,-,-,-,171473,12,-,171461,100.0,80786,47.1,79,-,-,-,-,-,88011,51.3,-,-,1181,0.7,-,-,1403,0.8,1,-,-,-,-,-,-,-,184855,9,-,184846,100.0,84473,45.7,44,-,-,-,4,-,96806,52.4,-,-,1991,1.1,-,-,1528,0.8,-,-,-,-,-,-,-,-,149335,8,-,149327,100.0,66656,44.6,17,-,-,-,4,-,77381,51.8,-,-,4265,2.9,-,-,1004,0.7,-,-,-,-,-,-,-,-,172801,2,0.0,172799,100.0,71850,41.6,6,0.0,-,-,-,-,94212,54.5,-,-,5502,3.2,-,-,1229,0.7,-,-,-,-,-,-,-,-,184673,20,0.0,184653,100.0,78734,42.6,5,0.0,-,-,-,-,97951,53.0,-,-,6286,3.4,-,-,1677,0.9,-,-,-,-,-,-,-,-,170753,2,0.0,170751,100.0,77465,45.4,41,0.0,-,-,3,0.0,88933,52.1,-,-,1904,1.1,-,-,2405,1.4,-,-,-,-,-,-,-,-,125878,1,0.0,125877,100.0,64239,51.0,5,0.0,-,-,-,-,58566,46.5,-,-,1051,0.8,-,-,2016,1.6,-,-,-,-,-,-,-,-
"서울중앙","400mL",-,-,-,-,-,-,-,-,-,-,-,-,-,-,-,-,-,-,-,-,-,-,-,-,-,-,-,-,-,-,-,-,-,-,-,-,-,-,-,-,-,-,-,-,-,-,-,-,-,-,-,-,-,-,-,-,-,-,-,-,-,-,-,-,-,-,-,-,-,-,-,-,-,-,-,-,-,-,-,419275,-,-,419275,100.0,93830,22.4,888,0.2,71165,17.0,12,-,151143,36.0,-,-,90381,21.6,-,-,11423,2.7,433,0.1,-,-,-,-,-,-,416058,-,-,416058,100.0,85394,20.5,781,0.2,80027,19.2,10,-,153018,36.8,-,-,82785,19.9,-,-,14043,3.4,-,-,-,-,-,-,-,-,385642,-,-,385642,100.0,68752,17.8,856,0.2,81814,21.2,1,-,135170,35.1,-,-,86716,22.5,-,-,12333,3.2,-,-,-,-,-,-,-,-,406557,-,-,406557,100.0,65365,16.1,945,0.2,87184,21.4,-,-,149925,36.9,-,-,90214,22.2,-,-,12924,3.2,-,-,-,-,-,-,-,-,390353,3,0.0,390350,100.0,54483,14.0,261,0.1,93096,23.8,-,-,134182,34.4,-,-,89200,22.9,-,-,19128,4.9,-,-,-,-,-,-,-,-,408846,-,-,408846,100.0,54765,13.4,199,0.0,103855,25.4,6,0.0,131276,32.1,-,-,98154,24.0,-,-,20591,5.0,-,-,-,-,-,-,-,-,373236,1,0.0,373235,100.0,58070,15.6,171,0.0,96476,25.8,-,-,114217,30.6,-,-,82645,22.1,-,-,21656,5.8,-,-,-,-,-,-,-,-
"서울서부","합계",564090,25,0.0,510573,90.5,210566,37.3,786,0.1,50919,9.0,207,0.0,140802,25.0,-,-,95121,16.9,12130,2.2,42,0.0,53492,9.5,553661,24,-,499234,90.2,193976,35.0,758,0.1,53758,9.7,45,-,142845,25.8,10,-,93861,17.0,-,-,13922,2.5,59,-,54403,9.8,603223,13,-,549923,91.2,181278,30.1,853,0.1,64521,10.7,25,-,197186,32.7,-,-,93647,15.5,-,-,12413,2.1,-,-,53287,8.8,-,-,-,-,-,-,-,-,-,-,-,-,-,-,-,-,-,-,-,-,-,-,-,-,-,-,-,-,-,-,-,-,-,-,-,-,-,-,-,-,-,-,-,-,-,-,-,-,-,-,-,-,-,-,-,-,-,-,-,-,-,-,-,-,-,-,-,-,-,-,-,-,-,-,-,-,-,-,-,-,-,-,-,-,-,-,-,-,-,-,-,-,-,-,-,-,-,-,-,-,-,-,-,-,-,-,-,-,-,-,-,-,-,-,-,-,-,-,-,-,-,-,-,-,-,-,-,-,-,-,-,-,-,-,-,-,-,-,-,-,-,-,-,-,-,-,-,-,-,-,-,-,-,-,-,-,-,-,-,-,-,-,-,-,-,-,-,-,-,-,-,-,-,-,-,-,-,-,-,-,-,-,-,-,-,-,-,-,-,-,-,-,-,-,-,-,-,-,-,-,-,-,-,-,-,-,-,-,-,-,-,-,-,-,-,-,-
"서울서부","320mL",160872,25,0.0,160847,100.0,104053,64.7,35,0.0,-,-,2,0.0,51426,32.0,-,-,3198,2.0,2133,1.3,-,-,-,-,143712,22,-,143690,100.0,86955,60.5,16,-,-,-,2,-,51563,35.9,-,-,3123,2.2,-,-,2031,1.4,-,-,-,-,160504,13,-,160491,100.0,83309,51.9,58,-,-,-,10,-,74075,46.2,-,-,1186,0.7,-,-,1853,1.2,-,-,-,-,-,-,-,-,-,-,-,-,-,-,-,-,-,-,-,-,-,-,-,-,-,-,-,-,-,-,-,-,-,-,-,-,-,-,-,-,-,-,-,-,-,-,-,-,-,-,-,-,-,-,-,-,-,-,-,-,-,-,-,-,-,-,-,-,-,-,-,-,-,-,-,-,-,-,-,-,-,-,-,-,-,-,-,-,-,-,-,-,-,-,-,-,-,-,-,-,-,-,-,-,-,-,-,-,-,-,-,-,-,-,-,-,-,-,-,-,-,-,-,-,-,-,-,-,-,-,-,-,-,-,-,-,-,-,-,-,-,-,-,-,-,-,-,-,-,-,-,-,-,-,-,-,-,-,-,-,-,-,-,-,-,-,-,-,-,-,-,-,-,-,-,-,-,-,-,-,-,-,-,-,-,-,-,-,-,-,-,-,-,-,-,-,-,-,-,-,-,-,-,-,-,-,-,-,-,-,-,-,-,-,-,-,-,-,-,-,-
"서울서부","400mL",349726,-,-,349726,100.0,106513,30.5,751,0.2,50919,14.6,205,0.1,89376,25.6,-,-,91923,26.3,9997,2.9,42,0.0,-,-,355546,2,-,355544,100.0,107021,30.1,742,0.2,53758,15.1,43,-,91282,25.7,10,-,90738,25.5,-,-,11891,3.3,59,-,-,-,389432,-,-,389432,100.0,97969,25.2,795,0.2,64521,16.6,15,-,123111,31.6,-,-,92461,23.7,-,-,10560,2.7,-,-,-,-,-,-,-,-,-,-,-,-,-,-,-,-,-,-,-,-,-,-,-,-,-,-,-,-,-,-,-,-,-,-,-,-,-,-,-,-,-,-,-,-,-,-,-,-,-,-,-,-,-,-,-,-,-,-,-,-,-,-,-,-,-,-,-,-,-,-,-,-,-,-,-,-,-,-,-,-,-,-,-,-,-,-,-,-,-,-,-,-,-,-,-,-,-,-,-,-,-,-,-,-,-,-,-,-,-,-,-,-,-,-,-,-,-,-,-,-,-,-,-,-,-,-,-,-,-,-,-,-,-,-,-,-,-,-,-,-,-,-,-,-,-,-,-,-,-,-,-,-,-,-,-,-,-,-,-,-,-,-,-,-,-,-,-,-,-,-,-,-,-,-,-,-,-,-,-,-,-,-,-,-,-,-,-,-,-,-,-,-,-,-,-,-,-,-,-,-,-,-,-,-,-,-,-,-,-,-,-,-,-,-,-,-,-,-,-,-,-
"서울남부","합계",396982,7,0.0,367369,92.5,108131,27.2,63,0.0,41019,10.3,-,-,123026,31.0,-,-,78275,19.7,15993,4.0,862,0.2,29606,7.5,397795,8,-,362554,91.1,109590,27.5,56,-,48038,12.1,-,-,106733,26.8,-,-,78430,19.7,-,-,19095,4.8,612,0.2,35233,8.9,443993,16,-,412845,93.0,110173,24.8,123,-,56288,12.7,-,-,152071,34.3,-,-,72834,16.4,-,-,21214,4.8,142,-,31132,7.0,466214,14,-,434560,93.2,112261,24.1,116,-,57494,12.3,-,-,171496,36.8,-,-,70878,15.2,-,-,21994,4.7,321,0.1,31640,6.8,31509,6.8,131,-,469297,12,-,434854,92.7,104945,22.4,149,-,63490,13.5,-,-,179932,38.3,-,-,66316,14.1,-,-,19968,4.3,54,-,34431,7.3,34164,7.3,267,0.1,457540,1,-,422153,92.3,99626,21.8,95,-,64899,14.2,-,-,156577,34.2,-,-,76395,16.7,-,-,24313,5.3,248,0.1,35386,7.7,35264,7.7,122,-,442006,-,-,407300,92.1,96404,21.8,62,0.0,62878,14.2,-,-,153180,34.7,-,-,71469,16.2,-,-,23307,5.3,-,-,34706,7.9,34611,7.8,95,0.0,426041,-,-,389403,91.4,94547,22.2,53,0.0,58158,13.7,-,-,154303,36.2,-,-,64725,15.2,-,-,17617,4.1,-,-,36638,8.6,36617,8.6,21,0.0,425390,2,0.0,384634,90.4,85335,20.1,94,0.0,61652,14.5,-,-,156159,36.7,-,-,66414,15.6,-,-,14980,3.5,-,-,40754,9.6,40608,9.5,146,0.0,347489,2,0.0,311791,89.7,78043,22.5,41,0.0,51460,14.8,-,-,127416,36.7,-,-,43773,12.6,-,-,11058,3.2,-,-,35696,10.3,35639,10.3,57,0.0
"서울남부","320mL",87187,7,0.0,87180,100.0,46837,53.7,-,-,-,-,-,-,34795,39.9,-,-,2866,3.3,2682,3.1,-,-,-,-,88642,8,-,88634,100.0,50616,57.1,-,-,-,-,-,-,33709,38.0,-,-,2285,2.6,-,-,2024,2.3,-,-,-,-,111952,16,-,111936,100.0,51889,46.3,-,-,-,-,-,-,55580,49.6,-,-,1386,1.2,-,-,3081,2.8,-,-,-,-,126854,14,-,126840,100.0,55706,43.9,2,-,-,-,-,-,66359,52.3,-,-,2315,1.8,-,-,2458,1.9,-,-,-,-,-,-,-,-,132219,5,-,132214,100.0,55742,42.2,5,-,-,-,-,-,72094,54.5,-,-,1938,1.5,-,-,2435,1.8,-,-,-,-,-,-,-,-,106937,-,-,106937,100.0,48698,45.5,-,-,-,-,-,-,55053,51.5,-,-,1373,1.3,-,-,1813,1.7,-,-,-,-,-,-,-,-,109750,-,-,109750,100.0,51590,47.0,-,-,-,-,-,-,55233,50.3,-,-,1109,1.0,-,-,1818,1.7,-,-,-,-,-,-,-,-,115668,-,-,115668,100.0,53606,46.3,-,-,-,-,-,-,60303,52.1,-,-,1077,0.9,-,-,682,0.6,-,-,-,-,-,-,-,-,108995,-,-,108995,100.0,48307,44.3,-,-,-,-,-,-,58124,53.3,-,-,1254,1.2,-,-,1310,1.2,-,-,-,-,-,-,-,-,82218,-,-,82218,100.0,41969,51.0,-,-,-,-,-,-,38951,47.4,-,-,539,0.7,-,-,759,0.9,-,-,-,-,-,-,-,-
"서울남부","400mL",280189,-,-,280189,100.0,61294,21.9,63,0.0,41019,14.6,-,-,88231,31.5,-,-,75409,26.9,13311,4.8,862,0.3,-,-,273920,-,-,273920,100.0,58974,21.5,56,-,48038,17.5,-,-,73024,26.7,-,-,76145,27.8,-,-,17071,6.2,612,0.2,-,-,300909,-,-,300909,100.0,58284,19.4,123,-,56288,18.7,-,-,96491,32.1,-,-,71448,23.7,-,-,18133,6.0,142,-,-,-,307720,-,-,307720,100.0,56555,18.4,114,-,57494,18.7,-,-,105137,34.2,-,-,68563,22.3,-,-,19536,6.3,321,0.1,-,-,-,-,-,-,302647,7,-,302640,100.0,49203,16.3,144,-,63490,21.0,-,-,107838,35.6,-,-,64378,21.3,-,-,17533,5.8,54,-,-,-,-,-,-,-,315217,1,-,315216,100.0,50928,16.2,95,-,64899,20.6,-,-,101524,32.2,-,-,75022,23.8,-,-,22500,7.1,248,0.1,-,-,-,-,-,-,297550,-,-,297550,100.0,44814,15.1,62,0.0,62878,21.1,-,-,97947,32.9,-,-,70360,23.6,-,-,21489,7.2,-,-,-,-,-,-,-,-,273735,-,-,273735,100.0,40941,15.0,53,0.0,58158,21.2,-,-,94000,34.3,-,-,63648,23.3,-,-,16935,6.2,-,-,-,-,-,-,-,-,275641,2,0.0,275639,100.0,37028,13.4,94,0.0,61652,22.4,-,-,98035,35.6,-,-,65160,23.6,-,-,13670,5.0,-,-,-,-,-,-,-,-,229575,2,0.0,229573,100.0,36074,15.7,41,0.0,51460,22.4,-,-,88465,38.5,-,-,43234,18.8,-,-,10299,4.5,-,-,-,-,-,-,-,-
"서울동부","합계",444457,90,0.0,406947,91.6,197952,44.5,309,0.1,36342,8.2,-,-,85596,19.3,-,-,73849,16.6,12899,2.9,-,-,37420,8.4,440485,88,-,402677,91.4,187101,42.5,282,0.1,41445,9.4,-,-,92886,21.1,-,-,67465,15.3,-,-,13474,3.1,24,-,37720,8.6,470771,52,-,435682,92.5,183433,39.0,319,0.1,45546,9.7,-,-,130139,27.6,-,-,66846,14.2,-,-,9399,2.0,-,-,35037,7.4,483575,64,-,447702,92.6,177277,36.7,272,0.1,50531,10.4,-,-,145427,30.1,-,-,65165,13.5,-,-,9030,1.9,-,-,35809,7.4,35809,7.4,-,-,483588,20,-,449116,92.9,164605,34.0,304,0.1,56007,11.6,-,-,150086,31.0,-,-,68653,14.2,-,-,9461,2.0,-,-,34452,7.1,34452,7.1,-,-,424013,2,-,389487,91.9,139219,32.8,252,0.1,57964,13.7,-,-,121330,28.6,-,-,60035,14.2,-,-,10687,2.5,-,-,34524,8.1,34524,8.1,-,-,436947,13,0.0,401271,91.8,132123,30.2,166,0.0,64162,14.7,-,-,130974,30.0,-,-,60970,14.0,-,-,12876,2.9,-,-,35663,8.2,35662,8.2,1,0.0,440839,-,-,405060,91.9,130497,29.6,194,0.0,67166,15.2,-,-,127232,28.9,-,-,65475,14.9,-,-,14496,3.3,-,-,35779,8.1,35779,8.1,-,-,449784,2,0.0,408218,90.8,128303,28.5,365,0.1,71218,15.8,-,-,123293,27.4,-,-,69271,15.4,-,-,15768,3.5,-,-,41564,9.2,41564,9.2,-,-,393214,5,0.0,353526,89.9,125630,31.9,139,0.0,60750,15.4,-,-,107159,27.3,-,-,48598,12.4,-,-,11250,2.9,-,-,39683,10.1,39681,10.1,2,0.0
"서울동부","320mL",141479,90,0.1,141389,99.9,106237,75.1,-,-,-,-,-,-,29491,20.8,-,-,2630,1.9,3031,2.1,-,-,-,-,123151,88,0.1,123063,99.9,90504,73.5,-,-,-,-,-,-,28241,22.9,-,-,2210,1.8,-,-,2108,1.7,-,-,-,-,139815,52,-,139763,100.0,87838,62.8,-,-,-,-,-,-,48303,34.5,-,-,1233,0.9,-,-,2389,1.7,-,-,-,-,150276,64,-,150212,100.0,88208,58.7,-,-,-,-,-,-,58662,39.0,-,-,1315,0.9,-,-,2027,1.3,-,-,-,-,-,-,-,-,155639,17,-,155622,100.0,86545,55.6,-,-,-,-,-,-,65232,41.9,-,-,1415,0.9,-,-,2430,1.6,-,-,-,-,-,-,-,-,121228,2,-,121226,100.0,71002,58.6,-,-,-,-,-,-,47916,39.5,-,-,1565,1.3,-,-,743,0.6,-,-,-,-,-,-,-,-,124049,10,0.0,124039,100.0,69137,55.7,-,-,-,-,-,-,52297,42.2,-,-,1310,1.1,-,-,1295,1.0,-,-,-,-,-,-,-,-,138634,-,-,138634,100.0,77271,55.7,-,-,-,-,-,-,56687,40.9,-,-,3011,2.2,-,-,1665,1.2,-,-,-,-,-,-,-,-,137226,2,0.0,137224,100.0,77471,56.5,1,0.0,-,-,-,-,54550,39.8,-,-,2567,1.9,-,-,2635,1.9,-,-,-,-,-,-,-,-,113205,3,0.0,113202,100.0,69184,61.1,-,-,-,-,-,-,40972,36.2,-,-,1015,0.9,-,-,2031,1.8,-,-,-,-,-,-,-,-
"서울동부","400mL",265558,-,-,265558,100.0,91715,34.5,309,0.1,36342,13.7,-,-,56105,21.1,-,-,71219,26.8,9868,3.7,-,-,-,-,279614,-,-,279614,100.0,96597,34.5,282,0.1,41445,14.8,-,-,64645,23.1,-,-,65255,23.3,-,-,11366,4.1,24,-,-,-,295919,-,-,295919,100.0,95595,32.3,319,0.1,45546,15.4,-,-,81836,27.7,-,-,65613,22.2,-,-,7010,2.4,-,-,-,-,297490,-,-,297490,100.0,89069,29.9,272,0.1,50531,17.0,-,-,86765,29.2,-,-,63850,21.5,-,-,7003,2.4,-,-,-,-,-,-,-,-,293497,3,-,293494,100.0,78060,26.6,304,0.1,56007,19.1,-,-,84854,28.9,-,-,67238,22.9,-,-,7031,2.4,-,-,-,-,-,-,-,-,268261,-,-,268261,100.0,68217,25.4,252,0.1,57964,21.6,-,-,73414,27.4,-,-,58470,21.8,-,-,9944,3.7,-,-,-,-,-,-,-,-,277235,3,0.0,277232,100.0,62986,22.7,166,0.1,64162,23.1,-,-,78677,28.4,-,-,59660,21.5,-,-,11581,4.2,-,-,-,-,-,-,-,-,266426,-,-,266426,100.0,53226,20.0,194,0.1,67166,25.2,-,-,70545,26.5,-,-,62464,23.4,-,-,12831,4.8,-,-,-,-,-,-,-,-,270994,-,-,270994,100.0,50832,18.8,364,0.1,71218,26.3,-,-,68743,25.4,-,-,66704,24.6,-,-,13133,4.8,-,-,-,-,-,-,-,-,240326,2,0.0,240324,100.0,56446,23.5,139,0.1,60750,25.3,-,-,66187,27.5,-,-,47583,19.8,-,-,9219,3.8,-,-,-,-,-,-,-,-
"부산","합계",378030,122,0.0,367479,97.2,159756,42.3,345,0.1,12778,3.4,-,-,137242,36.3,-,-,54208,14.3,3150,0.8,-,-,10429,2.8,373957,64,-,362753,97.0,148786,39.8,342,0.1,14756,3.9,-,-,141311,37.8,-,-,53137,14.2,-,-,4421,1.2,-,-,11140,3.0,361769,62,-,352087,97.3,143607,39.7,223,0.1,14524,4.0,-,-,139745,38.6,-,-,47931,13.2,-,-,6057,1.7,-,-,9620,2.7,380331,47,-,368761,97.0,141027,37.1,149,-,16294,4.3,-,-,155215,40.8,-,-,48982,12.9,-,-,7094,1.9,-,-,11523,3.0,11523,3.0,-,-,372035,4,-,360093,96.8,137309,36.9,142,-,18898,5.1,-,-,148207,39.8,-,-,48814,13.1,-,-,6723,1.8,-,-,11938,3.2,11938,3.2,-,-,354667,22,-,342928,96.7,125416,35.4,91,-,21862,6.2,-,-,144791,40.8,-,-,43888,12.4,-,-,6880,1.9,-,-,11717,3.3,11717,3.3,-,-,345815,10,0.0,332681,96.2,121231,35.1,100,0.0,22295,6.4,-,-,139426,40.3,-,-,42196,12.2,-,-,7433,2.1,-,-,13124,3.8,13124,3.8,-,-,343345,6,0.0,330692,96.3,122449,35.7,187,0.1,21994,6.4,-,-,135995,39.6,-,-,41509,12.1,-,-,8558,2.5,-,-,12647,3.7,12647,3.7,-,-,344914,4,0.0,330305,95.8,120627,35.0,252,0.1,23227,6.7,-,-,136367,39.5,-,-,42679,12.4,-,-,7153,2.1,-,-,14605,4.2,14605,4.2,-,-,332905,8,0.0,317641,95.4,119526,35.9,219,0.1,23932,7.2,-,-,132020,39.7,-,-,33366,10.0,-,-,8578,2.6,-,-,15256,4.6,15256,4.6,-,-
"부산","320mL",131506,122,0.1,131384,99.9,73432,55.8,4,0.0,-,-,-,-,57294,43.6,-,-,583,0.4,71,0.1,-,-,-,-,122310,63,0.1,122247,99.9,64881,53.0,8,-,-,-,-,-,56024,45.8,-,-,1076,0.9,-,-,258,0.2,-,-,-,-,118660,62,0.1,118598,99.9,61723,52.0,3,-,-,-,-,-,55811,47.0,-,-,735,0.6,-,-,326,0.3,-,-,-,-,130331,42,-,130289,100.0,62923,48.3,-,-,-,-,-,-,66239,50.8,-,-,721,0.6,-,-,406,0.3,-,-,-,-,-,-,-,-,125608,1,-,125607,100.0,64292,51.2,1,-,-,-,-,-,60099,47.8,-,-,791,0.6,-,-,424,0.3,-,-,-,-,-,-,-,-,109029,8,-,109021,100.0,55394,50.8,9,-,-,-,-,-,52701,48.3,-,-,178,0.2,-,-,739,0.7,-,-,-,-,-,-,-,-,110664,6,0.0,110658,100.0,56341,50.9,8,0.0,-,-,-,-,53452,48.3,-,-,170,0.2,-,-,687,0.6,-,-,-,-,-,-,-,-,111682,-,-,111682,100.0,56835,50.9,-,-,-,-,-,-,54428,48.7,-,-,31,0.0,-,-,388,0.3,-,-,-,-,-,-,-,-,107359,2,0.0,107357,100.0,54164,50.5,-,-,-,-,-,-,52944,49.3,-,-,127,0.1,-,-,122,0.1,-,-,-,-,-,-,-,-,95286,-,-,95286,100.0,48672,51.1,3,0.0,-,-,-,-,46347,48.6,-,-,186,0.2,-,-,78,0.1,-,-,-,-,-,-,-,-
"부산","400mL",236095,-,-,236095,100.0,86324,36.6,341,0.1,12778,5.4,-,-,79948,33.9,-,-,53625,22.7,3079,1.3,-,-,-,-,240507,1,-,240506,100.0,83905,34.9,334,0.1,14756,6.1,-,-,85287,35.5,-,-,52061,21.6,-,-,4163,1.7,-,-,-,-,233489,-,-,233489,100.0,81884,35.1,220,0.1,14524,6.2,-,-,83934,35.9,-,-,47196,20.2,-,-,5731,2.5,-,-,-,-,238477,5,-,238472,100.0,78104,32.8,149,0.1,16294,6.8,-,-,88976,37.3,-,-,48261,20.2,-,-,6688,2.8,-,-,-,-,-,-,-,-,234489,3,-,234486,100.0,73017,31.1,141,0.1,18898,8.1,-,-,88108,37.6,-,-,48023,20.5,-,-,6299,2.7,-,-,-,-,-,-,-,-,233921,14,-,233907,100.0,70022,29.9,82,-,21862,9.3,-,-,92090,39.4,-,-,43710,18.7,-,-,6141,2.6,-,-,-,-,-,-,-,-,222027,4,0.0,222023,100.0,64890,29.2,92,0.0,22295,10.0,-,-,85974,38.7,-,-,42026,18.9,-,-,6746,3.0,-,-,-,-,-,-,-,-,219016,6,0.0,219010,100.0,65614,30.0,187,0.1,21994,10.0,-,-,81567,37.2,-,-,41478,18.9,-,-,8170,3.7,-,-,-,-,-,-,-,-,222950,2,0.0,222948,100.0,66463,29.8,252,0.1,23227,10.4,-,-,83423,37.4,-,-,42552,19.1,-,-,7031,3.2,-,-,-,-,-,-,-,-,222363,8,0.0,222355,100.0,70854,31.9,216,0.1,23932,10.8,-,-,85673,38.5,-,-,33180,14.9,-,-,8500,3.8,-,-,-,-,-,-,-,-
"대구·경북","합계",334104,91,0.0,326582,97.7,148884,44.6,83,0.0,13068,3.9,140,0.0,124470,37.3,-,-,37447,11.2,2490,0.7,-,-,7431,2.2,320861,67,-,308376,96.1,152177,47.4,70,-,15678,4.9,38,-,101267,31.6,-,-,35055,10.9,-,-,4091,1.3,-,-,12418,3.9,330818,29,-,318938,96.4,151125,45.7,104,-,19204,5.8,25,-,111782,33.8,-,-,32521,9.8,-,-,4177,1.3,-,-,11851,3.6,339438,45,-,329463,97.1,150536,44.3,62,-,20937,6.2,8,-,121910,35.9,-,-,31697,9.3,-,-,4313,1.3,-,-,9930,2.9,9930,2.9,-,-,345893,10,-,336252,97.2,147602,42.7,60,-,28739,8.3,71,-,124735,36.1,-,-,31645,9.1,-,-,3400,1.0,-,-,9631,2.8,9631,2.8,-,-,318991,39,-,308597,96.7,126688,39.7,30,-,31462,9.9,24,-,118637,37.2,-,-,28425,8.9,-,-,3331,1.0,-,-,10355,3.2,10355,3.2,-,-,354447,13,0.0,341289,96.3,124186,35.0,19,0.0,38679,10.9,76,0.0,143015,40.3,-,-,30535,8.6,-,-,4779,1.3,-,-,13145,3.7,13145,3.7,-,-,355886,19,0.0,343528,96.5,126853,35.6,24,0.0,38871,10.9,3,0.0,139761,39.3,-,-,32028,9.0,-,-,5988,1.7,-,-,12339,3.5,12339,3.5,-,-,377493,15,0.0,364687,96.6,130832,34.7,40,0.0,42127,11.2,-,-,150019,39.7,-,-,35498,9.4,-,-,6171,1.6,-,-,12791,3.4,12788,3.4,3,0.0,362380,14,0.0,350912,96.8,133048,36.7,25,0.0,37953,10.5,-,-,146256,40.4,-,-,27483,7.6,-,-,6147,1.7,-,-,11454,3.2,11454,3.2,-,-
"대구·경북","320mL",128616,72,0.1,128544,99.9,72638,56.5,-,-,-,-,17,0.0,55215,42.9,-,-,529,0.4,145,0.1,-,-,-,-,116426,60,0.1,116366,99.9,70439,60.5,-,-,-,-,9,-,44774,38.5,-,-,749,0.6,-,-,395,0.3,-,-,-,-,124667,28,-,124639,100.0,73611,59.0,-,-,-,-,6,-,49522,39.7,-,-,1113,0.9,-,-,387,0.3,-,-,-,-,126624,45,-,126579,100.0,72297,57.1,1,-,-,-,3,-,53548,42.3,-,-,642,0.5,-,-,88,0.1,-,-,-,-,-,-,-,-,127250,7,-,127243,100.0,75154,59.1,-,-,-,-,48,-,52024,40.9,-,-,-,-,-,-,17,-,-,-,-,-,-,-,-,-,108228,3,-,108225,100.0,59267,54.8,-,-,-,-,3,-,48921,45.2,-,-,11,-,-,-,23,-,-,-,-,-,-,-,-,-,121277,2,0.0,121275,100.0,63107,52.0,-,-,-,-,-,-,58041,47.9,-,-,-,-,-,-,127,0.1,-,-,-,-,-,-,-,-,120134,2,0.0,120132,100.0,62734,52.2,-,-,-,-,-,-,56943,47.4,-,-,65,0.1,-,-,390,0.3,-,-,-,-,-,-,-,-,128170,-,-,128170,100.0,67002,52.3,-,-,-,-,-,-,61137,47.7,-,-,-,-,-,-,31,0.0,-,-,-,-,-,-,-,-,111117,2,0.0,111115,100.0,58540,52.7,-,-,-,-,-,-,52575,47.3,-,-,-,-,-,-,-,-,-,-,-,-,-,-,-,-
"대구·경북","400mL",198057,19,0.0,198038,100.0,76246,38.5,83,0.0,13068,6.6,123,0.1,69255,35.0,-,-,36918,18.6,2345,1.2,-,-,-,-,192017,7,-,192010,100.0,81738,42.6,70,-,15678,8.2,29,-,56493,29.4,-,-,34306,17.9,-,-,3696,1.9,-,-,-,-,194300,1,-,194299,100.0,77514,39.9,104,0.1,19204,9.9,19,-,62260,32.0,-,-,31408,16.2,-,-,3790,2.0,-,-,-,-,202884,-,-,202884,100.0,78239,38.6,61,-,20937,10.3,5,-,68362,33.7,-,-,31055,15.3,-,-,4225,2.1,-,-,-,-,-,-,-,-,209012,3,-,209009,100.0,72448,34.7,60,-,28739,13.7,23,-,72711,34.8,-,-,31645,15.1,-,-,3383,1.6,-,-,-,-,-,-,-,-,200408,36,-,200372,100.0,67421,33.6,30,-,31462,15.7,21,-,69716,34.8,-,-,28414,14.2,-,-,3308,1.7,-,-,-,-,-,-,-,-,220025,11,0.0,220014,100.0,61079,27.8,19,0.0,38679,17.6,76,0.0,84974,38.6,-,-,30535,13.9,-,-,4652,2.1,-,-,-,-,-,-,-,-,223413,17,0.0,223396,100.0,64119,28.7,24,0.0,38871,17.4,3,0.0,82818,37.1,-,-,31963,14.3,-,-,5598,2.5,-,-,-,-,-,-,-,-,236532,15,0.0,236517,100.0,63830,27.0,40,0.0,42127,17.8,-,-,88882,37.6,-,-,35498,15.0,-,-,6140,2.6,-,-,-,-,-,-,-,-,239809,12,0.0,239797,100.0,74508,31.1,25,0.0,37953,15.8,-,-,93681,39.1,-,-,27483,11.5,-,-,6147,2.6,-,-,-,-,-,-,-,-
"인천","합계",231391,52,0.0,221706,95.8,123315,53.3,33,0.0,2984,1.3,-,-,70789,30.6,-,-,21715,9.4,2870,1.2,-,-,9633,4.2,217200,42,-,207207,95.4,119785,55.1,76,-,2570,1.2,-,-,59258,27.3,-,-,22609,10.4,-,-,2909,1.3,-,-,9951,4.6,243838,22,-,233543,95.8,124460,51.0,86,-,3389,1.4,128,0.1,79356,32.5,-,-,22618,9.3,-,-,3506,1.4,-,-,10273,4.2,248155,5,-,239065,96.3,119118,48.0,67,-,3752,1.5,53,-,87268,35.2,-,-,24072,9.7,-,-,4735,1.9,-,-,9085,3.7,9085,3.7,-,-,249198,16,-,240564,96.5,116195,46.6,167,0.1,4776,1.9,199,0.1,89817,36.0,-,-,25211,10.1,-,-,4199,1.7,-,-,8618,3.5,8618,3.5,-,-,251813,3,-,242168,96.2,111852,44.4,75,-,4159,1.7,108,-,94831,37.7,-,-,27779,11.0,-,-,3364,1.3,-,-,9642,3.8,9642,3.8,-,-,259717,3,0.0,248816,95.8,109374,42.1,129,0.0,5616,2.2,89,0.0,101680,39.2,-,-,28059,10.8,-,-,3869,1.5,-,-,10898,4.2,10898,4.2,-,-,260684,6,0.0,248567,95.4,110779,42.5,110,0.0,5126,2.0,39,0.0,97089,37.2,-,-,29970,11.5,-,-,5454,2.1,-,-,12111,4.6,12111,4.6,-,-,263624,2,0.0,248518,94.3,112397,42.6,119,0.0,7551,2.9,63,0.0,94032,35.7,-,-,28544,10.8,-,-,5812,2.2,-,-,15104,5.7,15104,5.7,-,-,286447,-,-,269171,94.0,123530,43.1,92,0.0,10963,3.8,24,0.0,97608,34.1,-,-,30619,10.7,-,-,6335,2.2,-,-,17276,6.0,17262,6.0,14,0.0
"인천","320mL",95944,23,0.0,95921,100.0,63553,66.2,4,0.0,-,-,-,-,31399,32.7,-,-,177,0.2,788,0.8,-,-,-,-,81877,36,-,81841,100.0,56235,68.7,1,-,-,-,-,-,24631,30.1,-,-,623,0.8,-,-,351,0.4,-,-,-,-,87381,2,-,87379,100.0,53807,61.6,-,-,-,-,10,-,32945,37.7,-,-,119,0.1,-,-,498,0.6,-,-,-,-,86728,2,-,86726,100.0,51003,58.8,-,-,-,-,-,-,35162,40.5,-,-,1,-,-,-,560,0.6,-,-,-,-,-,-,-,-,84690,2,-,84688,100.0,48423,57.2,-,-,-,-,-,-,35672,42.1,-,-,16,-,-,-,577,0.7,-,-,-,-,-,-,-,-,73757,-,-,73757,100.0,41041,55.6,-,-,-,-,5,-,32325,43.8,-,-,10,-,-,-,376,0.5,-,-,-,-,-,-,-,-,80257,1,0.0,80256,100.0,44691,55.7,-,-,-,-,-,-,35042,43.7,-,-,125,0.2,-,-,398,0.5,-,-,-,-,-,-,-,-,85784,-,-,85784,100.0,49444,57.6,-,-,-,-,30,0.0,35702,41.6,-,-,23,0.0,-,-,585,0.7,-,-,-,-,-,-,-,-,88097,-,-,88097,100.0,52007,59.0,-,-,-,-,20,0.0,35487,40.3,-,-,-,-,-,-,583,0.7,-,-,-,-,-,-,-,-,73556,-,-,73556,100.0,45369,61.7,-,-,-,-,-,-,27564,37.5,-,-,-,-,-,-,623,0.8,-,-,-,-,-,-,-,-
"인천","400mL",125814,29,0.0,125785,100.0,59762,47.5,29,0.0,2984,2.4,-,-,39390,31.3,-,-,21538,17.1,2082,1.7,-,-,-,-,125372,6,-,125366,100.0,63550,50.7,75,0.1,2570,2.0,-,-,34627,27.6,-,-,21986,17.5,-,-,2558,2.0,-,-,-,-,146184,20,-,146164,100.0,70653,48.3,86,0.1,3389,2.3,118,0.1,46411,31.7,-,-,22499,15.4,-,-,3008,2.1,-,-,-,-,152342,3,-,152339,100.0,68115,44.7,67,-,3752,2.5,53,-,52106,34.2,-,-,24071,15.8,-,-,4175,2.7,-,-,-,-,-,-,-,-,155890,14,-,155876,100.0,67772,43.5,167,0.1,4776,3.1,199,0.1,54145,34.7,-,-,25195,16.2,-,-,3622,2.3,-,-,-,-,-,-,-,-,168414,3,-,168411,100.0,70811,42.0,75,-,4159,2.5,103,0.1,62506,37.1,-,-,27769,16.5,-,-,2988,1.8,-,-,-,-,-,-,-,-,168562,2,0.0,168560,100.0,64683,38.4,129,0.1,5616,3.3,89,0.1,66638,39.5,-,-,27934,16.6,-,-,3471,2.1,-,-,-,-,-,-,-,-,162789,6,0.0,162783,100.0,61335,37.7,110,0.1,5126,3.1,9,0.0,61387,37.7,-,-,29947,18.4,-,-,4869,3.0,-,-,-,-,-,-,-,-,160423,2,0.0,160421,100.0,60390,37.6,119,0.1,7551,4.7,43,0.0,58545,36.5,-,-,28544,17.8,-,-,5229,3.3,-,-,-,-,-,-,-,-,195615,-,-,195615,100.0,78161,40.0,92,0.0,10963,5.6,24,0.0,70044,35.8,-,-,30619,15.7,-,-,5712,2.9,-,-,-,-,-,-,-,-
"울산","합계",181147,78,0.0,177722,98.1,60753,33.5,39,0.0,6940,3.8,728,0.4,87800,48.5,-,-,19886,11.0,1576,0.9,-,-,3347,1.8,144681,57,-,138634,95.8,54033,37.3,26,-,7413,5.1,246,0.2,56682,39.2,-,-,18522,12.8,-,-,1712,1.2,-,-,5990,4.1,145263,14,-,138543,95.4,50787,35.0,18,-,7590,5.2,60,-,60307,41.5,-,-,18000,12.4,-,-,1781,1.2,-,-,6706,4.6,149569,17,-,143553,96.0,50116,33.5,16,-,8832,5.9,-,-,61509,41.1,-,-,20222,13.5,-,-,2858,1.9,-,-,5999,4.0,5999,4.0,-,-,165240,23,-,158735,96.1,50215,30.4,8,-,13103,7.9,-,-,70773,42.8,-,-,22734,13.8,-,-,1902,1.2,-,-,6482,3.9,6482,3.9,-,-,156527,23,-,149032,95.2,48973,31.3,2,-,11876,7.6,-,-,66775,42.7,-,-,19636,12.5,-,-,1770,1.1,-,-,7472,4.8,7472,4.8,-,-,154669,11,0.0,146981,95.0,45823,29.6,13,0.0,12897,8.3,-,-,67465,43.6,-,-,18739,12.1,-,-,2044,1.3,-,-,7677,5.0,7677,5.0,-,-,150145,7,0.0,142364,94.8,44690,29.8,10,0.0,13129,8.7,-,-,62644,41.7,-,-,19455,13.0,-,-,2436,1.6,-,-,7774,5.2,7774,5.2,-,-,145175,16,0.0,136514,94.0,43953,30.3,5,0.0,14120,9.7,-,-,61989,42.7,-,-,14424,9.9,-,-,2023,1.4,-,-,8645,6.0,8645,6.0,-,-,141769,6,0.0,133795,94.4,45430,32.0,-,-,11554,8.1,-,-,58389,41.2,-,-,16104,11.4,-,-,2318,1.6,-,-,7968,5.6,7968,5.6,-,-
"울산","320mL",71034,-,-,71034,100.0,31496,44.3,-,-,-,-,322,0.5,38831,54.7,-,-,229,0.3,156,0.2,-,-,-,-,51194,-,-,51194,100.0,25777,50.4,-,-,-,-,92,0.2,24095,47.1,-,-,664,1.3,-,-,566,1.1,-,-,-,-,52173,-,-,52173,100.0,24768,47.5,-,-,-,-,12,-,26691,51.2,-,-,476,0.9,-,-,226,0.4,-,-,-,-,51932,3,-,51929,100.0,24225,46.6,-,-,-,-,-,-,26874,51.7,-,-,511,1.0,-,-,319,0.6,-,-,-,-,-,-,-,-,56833,4,-,56829,100.0,24156,42.5,-,-,-,-,-,-,30992,54.5,-,-,1527,2.7,-,-,154,0.3,-,-,-,-,-,-,-,-,46146,-,-,46146,100.0,20999,45.5,-,-,-,-,-,-,24652,53.4,-,-,395,0.9,-,-,100,0.2,-,-,-,-,-,-,-,-,48692,1,0.0,48691,100.0,21545,44.2,-,-,-,-,-,-,26252,53.9,-,-,707,1.5,-,-,187,0.4,-,-,-,-,-,-,-,-,44011,-,-,44011,100.0,20094,45.7,-,-,-,-,-,-,23037,52.3,-,-,754,1.7,-,-,126,0.3,-,-,-,-,-,-,-,-,40264,-,-,40264,100.0,18542,46.1,-,-,-,-,-,-,21319,52.9,-,-,290,0.7,-,-,113,0.3,-,-,-,-,-,-,-,-,33357,-,-,33357,100.0,16038,48.1,-,-,-,-,-,-,17269,51.8,-,-,-,-,-,-,50,0.1,-,-,-,-,-,-,-,-
"울산","400mL",106766,78,0.1,106688,99.9,29257,27.4,39,0.0,6940,6.5,406,0.4,48969,45.9,-,-,19657,18.4,1420,1.3,-,-,-,-,87497,57,0.1,87440,99.9,28256,32.3,26,-,7413,8.5,154,0.2,32587,37.2,-,-,17858,20.4,-,-,1146,1.3,-,-,-,-,86384,14,-,86370,100.0,26019,30.1,18,-,7590,8.8,48,0.1,33616,38.9,-,-,17524,20.3,-,-,1555,1.8,-,-,-,-,91638,14,-,91624,100.0,25891,28.3,16,-,8832,9.6,-,-,34635,37.8,-,-,19711,21.5,-,-,2539,2.8,-,-,-,-,-,-,-,-,101925,19,-,101906,100.0,26059,25.6,8,-,13103,12.9,-,-,39781,39.0,-,-,21207,20.8,-,-,1748,1.7,-,-,-,-,-,-,-,-,102909,23,-,102886,100.0,27974,27.2,2,-,11876,11.5,-,-,42123,40.9,-,-,19241,18.7,-,-,1670,1.6,-,-,-,-,-,-,-,-,98300,10,0.0,98290,100.0,24278,24.7,13,0.0,12897,13.1,-,-,41213,41.9,-,-,18032,18.3,-,-,1857,1.9,-,-,-,-,-,-,-,-,98360,7,0.0,98353,100.0,24596,25.0,10,0.0,13129,13.3,-,-,39607,40.3,-,-,18701,19.0,-,-,2310,2.3,-,-,-,-,-,-,-,-,96266,16,0.0,96250,100.0,25411,26.4,5,0.0,14120,14.7,-,-,40670,42.2,-,-,14134,14.7,-,-,1910,2.0,-,-,-,-,-,-,-,-,100444,6,0.0,100438,100.0,29392,29.3,-,-,11554,11.5,-,-,41120,40.9,-,-,16104,16.0,-,-,2268,2.3,-,-,-,-,-,-,-,-
"경기","합계",376168,52,0.0,353073,93.9,179980,47.8,52,0.0,15514,4.1,-,-,93730,24.9,-,-,56538,15.0,7052,1.9,207,0.1,23043,6.1,350084,33,-,327755,93.6,165098,47.2,33,-,14716,4.2,-,-,88451,25.3,-,-,52183,14.9,-,-,7274,2.1,-,-,22296,6.4,384666,10,-,366658,95.3,165903,43.1,20,-,14271,3.7,-,-,126089,32.8,-,-,53476,13.9,-,-,6899,1.8,-,-,17998,4.7,388922,28,-,370552,95.3,165002,42.4,14,-,15378,4.0,-,-,129899,33.4,-,-,53819,13.8,-,-,6440,1.7,-,-,18342,4.7,18339,4.7,3,-,402233,33,-,383810,95.4,160441,39.9,41,-,21214,5.3,-,-,137724,34.2,-,-,56890,14.1,-,-,7500,1.9,-,-,18390,4.6,18385,4.6,5,-,393664,23,-,372500,94.6,149911,38.1,46,-,27731,7.0,-,-,129403,32.9,-,-,56191,14.3,-,-,9218,2.3,-,-,21141,5.4,21141,5.4,-,-,393751,33,0.0,370946,94.2,149878,38.1,60,0.0,28094,7.1,-,-,127515,32.4,-,-,54272,13.8,-,-,11127,2.8,-,-,22772,5.8,22753,5.8,19,0.0,388924,27,0.0,366820,94.3,146157,37.6,19,0.0,30691,7.9,-,-,128046,32.9,-,-,50804,13.1,-,-,10815,2.8,288,0.1,22077,5.7,22071,5.7,6,0.0,387837,35,0.0,362502,93.5,138112,35.6,31,0.0,39051,10.1,-,-,123154,31.8,-,-,52319,13.5,-,-,9835,2.5,-,-,25300,6.5,25276,6.5,24,0.0,365379,28,0.0,339890,93.0,139527,38.2,18,0.0,34308,9.4,-,-,115020,31.5,-,-,43457,11.9,-,-,7560,2.1,-,-,25461,7.0,25456,7.0,5,0.0
"경기","320mL",127171,46,0.0,127125,100.0,85489,67.2,-,-,-,-,-,-,39668,31.2,-,-,25,0.0,1943,1.5,-,-,-,-,110606,21,-,110585,100.0,72723,65.7,-,-,-,-,-,-,35675,32.3,-,-,95,0.1,-,-,2092,1.9,-,-,-,-,114213,10,-,114203,100.0,65203,57.1,-,-,-,-,-,-,47582,41.7,-,-,-,-,-,-,1418,1.2,-,-,-,-,117833,26,-,117807,100.0,67898,57.6,-,-,-,-,-,-,47915,40.7,-,-,194,0.2,-,-,1800,1.5,-,-,-,-,-,-,-,-,130333,33,-,130300,100.0,74386,57.1,-,-,-,-,-,-,53787,41.3,-,-,216,0.2,-,-,1911,1.5,-,-,-,-,-,-,-,-,108408,13,-,108395,100.0,61053,56.3,-,-,-,-,-,-,45035,41.5,-,-,307,0.3,-,-,2000,1.8,-,-,-,-,-,-,-,-,111795,19,0.0,111776,100.0,63706,57.0,2,0.0,-,-,-,-,46390,41.5,-,-,262,0.2,-,-,1416,1.3,-,-,-,-,-,-,-,-,125918,2,0.0,125916,100.0,73914,58.7,2,0.0,-,-,-,-,51315,40.8,-,-,319,0.3,-,-,366,0.3,-,-,-,-,-,-,-,-,119160,5,0.0,119155,100.0,70689,59.3,1,0.0,-,-,-,-,46841,39.3,-,-,603,0.5,-,-,1021,0.9,-,-,-,-,-,-,-,-,92597,2,0.0,92595,100.0,56859,61.4,-,-,-,-,-,-,35126,37.9,-,-,52,0.1,-,-,558,0.6,-,-,-,-,-,-,-,-
"경기","400mL",225954,6,0.0,225948,100.0,94491,41.8,52,0.0,15514,6.9,-,-,54062,23.9,-,-,56513,25.0,5109,2.3,207,0.1,-,-,217182,12,-,217170,100.0,92375,42.5,33,-,14716,6.8,-,-,52776,24.3,-,-,52088,24.0,-,-,5182,2.4,-,-,-,-,252455,-,-,252455,100.0,100700,39.9,20,-,14271,5.7,-,-,78507,31.1,-,-,53476,21.2,-,-,5481,2.2,-,-,-,-,252747,2,-,252745,100.0,97104,38.4,14,-,15378,6.1,-,-,81984,32.4,-,-,53625,21.2,-,-,4640,1.8,-,-,-,-,-,-,-,-,253510,-,-,253510,100.0,86055,33.9,41,-,21214,8.4,-,-,83937,33.1,-,-,56674,22.4,-,-,5589,2.2,-,-,-,-,-,-,-,-,264115,10,-,264105,100.0,88858,33.6,46,-,27731,10.5,-,-,84368,31.9,-,-,55884,21.2,-,-,7218,2.7,-,-,-,-,-,-,-,-,259184,14,0.0,259170,100.0,86172,33.2,58,0.0,28094,10.8,-,-,81125,31.3,-,-,54010,20.8,-,-,9711,3.7,-,-,-,-,-,-,-,-,240929,25,0.0,240904,100.0,72243,30.0,17,0.0,30691,12.7,-,-,76731,31.8,-,-,50485,21.0,-,-,10449,4.3,288,0.1,-,-,-,-,-,-,243377,30,0.0,243347,100.0,67423,27.7,30,0.0,39051,16.0,-,-,76313,31.4,-,-,51716,21.2,-,-,8814,3.6,-,-,-,-,-,-,-,-,247321,26,0.0,247295,100.0,82668,33.4,18,0.0,34308,13.9,-,-,79894,32.3,-,-,43405,17.6,-,-,7002,2.8,-,-,-,-,-,-,-,-
"강원","합계",120785,56,0.0,116461,96.4,58522,48.5,6,0.0,3317,2.7,-,-,39357,32.6,-,-,14746,12.2,513,0.4,-,-,4268,3.5,111616,71,0.1,105834,94.8,57530,51.5,-,-,3937,3.5,-,-,28647,25.7,-,-,15388,13.8,-,-,332,0.3,-,-,5711,5.1,115352,130,0.1,109273,94.7,55963,48.5,1,-,5446,4.7,-,-,32058,27.8,-,-,15355,13.3,-,-,450,0.4,-,-,5949,5.2,115579,119,0.1,109226,94.5,53078,45.9,-,-,7794,6.7,-,-,31850,27.6,-,-,15567,13.5,-,-,937,0.8,-,-,6234,5.4,6233,5.4,1,-,117191,119,0.1,111011,94.7,50989,43.5,16,-,9129,7.8,-,-,33623,28.7,-,-,16212,13.8,-,-,1042,0.9,-,-,6061,5.2,6061,5.2,-,-,118716,109,0.1,112402,94.7,49531,41.7,11,-,7315,6.2,-,-,38685,32.6,-,-,15674,13.2,-,-,1186,1.0,-,-,6205,5.2,6205,5.2,-,-,116950,57,0.0,111291,95.2,48306,41.3,4,0.0,6411,5.5,-,-,41647,35.6,-,-,12640,10.8,-,-,2283,2.0,-,-,5602,4.8,5602,4.8,-,-,113791,29,0.0,108323,95.2,47620,41.8,30,0.0,6300,5.5,-,-,40663,35.7,-,-,11931,10.5,-,-,1779,1.6,-,-,5439,4.8,5439,4.8,-,-,106637,16,0.0,101221,94.9,45703,42.9,23,0.0,7231,6.8,-,-,36596,34.3,-,-,10384,9.7,-,-,1284,1.2,-,-,5400,5.1,5400,5.1,-,-,110510,19,0.0,104978,95.0,45135,40.8,20,0.0,7407,6.7,-,-,42143,38.1,-,-,9571,8.7,-,-,702,0.6,-,-,5513,5.0,5511,5.0,2,0.0
"강원","320mL",24061,14,0.1,24047,99.9,14832,61.6,-,-,-,-,-,-,9207,38.3,-,-,-,-,8,0.0,-,-,-,-,15912,17,0.1,15895,99.9,11079,69.6,-,-,-,-,-,-,4816,30.3,-,-,-,-,-,-,-,-,-,-,-,-,15383,20,0.1,15363,99.9,10518,68.4,-,-,-,-,-,-,4845,31.5,-,-,-,-,-,-,-,-,-,-,-,-,13743,7,0.1,13736,99.9,8715,63.4,-,-,-,-,-,-,5021,36.5,-,-,-,-,-,-,-,-,-,-,-,-,-,-,-,-,12811,6,-,12805,100.0,7551,58.9,-,-,-,-,-,-,5253,41.0,-,-,1,-,-,-,-,-,-,-,-,-,-,-,-,-,13440,1,-,13439,100.0,7777,57.9,-,-,-,-,-,-,5662,42.1,-,-,-,-,-,-,-,-,-,-,-,-,-,-,-,-,12450,2,0.0,12448,100.0,6659,53.5,-,-,-,-,-,-,5746,46.2,-,-,15,0.1,-,-,28,0.2,-,-,-,-,-,-,-,-,18378,-,-,18378,100.0,11385,61.9,-,-,-,-,-,-,6968,37.9,-,-,5,0.0,-,-,20,0.1,-,-,-,-,-,-,-,-,19626,-,-,19626,100.0,13575,69.2,-,-,-,-,-,-,6050,30.8,-,-,1,0.0,-,-,-,-,-,-,-,-,-,-,-,-,17814,-,-,17814,100.0,11222,63.0,-,-,-,-,-,-,6592,37.0,-,-,-,-,-,-,-,-,-,-,-,-,-,-,-,-
"강원","400mL",92456,42,0.0,92414,100.0,43690,47.3,6,0.0,3317,3.6,-,-,30150,32.6,-,-,14746,15.9,505,0.5,-,-,-,-,89993,54,0.1,89939,99.9,46451,51.6,-,-,3937,4.4,-,-,23831,26.5,-,-,15388,17.1,-,-,332,0.4,-,-,-,-,94020,110,0.1,93910,99.9,45445,48.3,1,-,5446,5.8,-,-,27213,28.9,-,-,15355,16.3,-,-,450,0.5,-,-,-,-,95602,112,0.1,95490,99.9,44363,46.4,-,-,7794,8.2,-,-,26829,28.1,-,-,15567,16.3,-,-,937,1.0,-,-,-,-,-,-,-,-,98319,113,0.1,98206,99.9,43438,44.2,16,-,9129,9.3,-,-,28370,28.9,-,-,16211,16.5,-,-,1042,1.1,-,-,-,-,-,-,-,-,99071,108,0.1,98963,99.9,41754,42.1,11,-,7315,7.4,-,-,33023,33.3,-,-,15674,15.8,-,-,1186,1.2,-,-,-,-,-,-,-,-,98898,55,0.1,98843,99.9,41647,42.1,4,0.0,6411,6.5,-,-,35901,36.3,-,-,12625,12.8,-,-,2255,2.3,-,-,-,-,-,-,-,-,89974,29,0.0,89945,100.0,36235,40.3,30,0.0,6300,7.0,-,-,33695,37.4,-,-,11926,13.3,-,-,1759,2.0,-,-,-,-,-,-,-,-,81611,16,0.0,81595,100.0,32128,39.4,23,0.0,7231,8.9,-,-,30546,37.4,-,-,10383,12.7,-,-,1284,1.6,-,-,-,-,-,-,-,-,87183,19,0.0,87164,100.0,33913,38.9,20,0.0,7407,8.5,-,-,35551,40.8,-,-,9571,11.0,-,-,702,0.8,-,-,-,-,-,-,-,-
"충북","합계",75771,7,0.0,74844,98.8,45510,60.1,-,-,2968,3.9,-,-,17483,23.1,4,0.0,8848,11.7,31,0.0,-,-,920,1.2,78114,13,-,76463,97.9,45609,58.4,34,-,3553,4.5,-,-,18863,24.1,34,-,8289,10.6,-,-,81,0.1,-,-,1638,2.1,80474,5,-,78814,97.9,45239,56.2,-,-,3358,4.2,-,-,21535,26.8,18,-,8599,10.7,-,-,65,0.1,-,-,1655,2.1,84690,11,-,83029,98.0,47392,56.0,4,-,3583,4.2,-,-,22709,26.8,8,-,9229,10.9,-,-,104,0.1,-,-,1650,1.9,1650,1.9,-,-,83349,5,-,81837,98.2,48107,57.7,-,-,3356,4.0,-,-,21709,26.0,13,-,8533,10.2,-,-,119,0.1,-,-,1507,1.8,1507,1.8,-,-,80183,2,-,78685,98.1,45422,56.6,-,-,3966,4.9,-,-,21627,27.0,27,-,7542,9.4,-,-,101,0.1,-,-,1496,1.9,1496,1.9,-,-,83851,6,0.0,82388,98.3,43222,51.5,-,-,5030,6.0,-,-,26521,31.6,46,0.1,7396,8.8,-,-,173,0.2,-,-,1457,1.7,1457,1.7,-,-,80292,10,0.0,78993,98.4,42031,52.3,3,0.0,5009,6.2,-,-,24131,30.1,9,0.0,7740,9.6,-,-,70,0.1,-,-,1289,1.6,1289,1.6,-,-,83315,8,0.0,81867,98.3,42985,51.6,8,0.0,5246,6.3,-,-,26123,31.4,-,-,7160,8.6,-,-,345,0.4,-,-,1440,1.7,1440,1.7,-,-,75682,2,0.0,74499,98.4,43602,57.6,-,-,3246,4.3,3,0.0,21282,28.1,-,-,5820,7.7,-,-,546,0.7,-,-,1181,1.6,1181,1.6,-,-
"충북","320mL",22168,1,0.0,22167,100.0,16942,76.4,-,-,-,-,-,-,5224,23.6,1,0.0,-,-,-,-,-,-,-,-,20916,-,-,20916,100.0,15750,75.3,-,-,-,-,-,-,5160,24.7,-,-,-,-,-,-,6,-,-,-,-,-,22309,-,-,22309,100.0,15995,71.7,-,-,-,-,-,-,6307,28.3,3,-,-,-,-,-,4,-,-,-,-,-,23185,-,-,23185,100.0,16736,72.2,-,-,-,-,-,-,6431,27.7,-,-,-,-,-,-,18,0.1,-,-,-,-,-,-,-,-,25717,-,-,25717,100.0,18522,72.0,-,-,-,-,-,-,7189,28.0,-,-,-,-,-,-,6,-,-,-,-,-,-,-,-,-,22233,-,-,22233,100.0,16285,73.2,-,-,-,-,-,-,5948,26.8,-,-,-,-,-,-,-,-,-,-,-,-,-,-,-,-,29165,-,-,29165,100.0,19612,67.2,-,-,-,-,-,-,9549,32.7,-,-,-,-,-,-,4,0.0,-,-,-,-,-,-,-,-,30125,-,-,30125,100.0,20466,67.9,-,-,-,-,-,-,9653,32.0,-,-,-,-,-,-,6,0.0,-,-,-,-,-,-,-,-,29987,-,-,29987,100.0,20610,68.7,-,-,-,-,-,-,9377,31.3,-,-,-,-,-,-,-,-,-,-,-,-,-,-,-,-,24542,-,-,24542,100.0,17813,72.6,-,-,-,-,3,0.0,6726,27.4,-,-,-,-,-,-,-,-,-,-,-,-,-,-,-,-
"충북","400mL",52683,6,0.0,52677,100.0,28568,54.2,-,-,2968,5.6,-,-,12259,23.3,3,0.0,8848,16.8,31,0.1,-,-,-,-,55560,13,-,55547,100.0,29859,53.7,34,0.1,3553,6.4,-,-,13703,24.7,34,0.1,8289,14.9,-,-,75,0.1,-,-,-,-,56510,5,-,56505,100.0,29244,51.8,-,-,3358,5.9,-,-,15228,26.9,15,-,8599,15.2,-,-,61,0.1,-,-,-,-,59855,11,-,59844,100.0,30656,51.2,4,-,3583,6.0,-,-,16278,27.2,8,-,9229,15.4,-,-,86,0.1,-,-,-,-,-,-,-,-,56125,5,-,56120,100.0,29585,52.7,-,-,3356,6.0,-,-,14520,25.9,13,-,8533,15.2,-,-,113,0.2,-,-,-,-,-,-,-,-,56454,2,-,56452,100.0,29137,51.6,-,-,3966,7.0,-,-,15679,27.8,27,-,7542,13.4,-,-,101,0.2,-,-,-,-,-,-,-,-,53229,6,0.0,53223,100.0,23610,44.4,-,-,5030,9.4,-,-,16972,31.9,46,0.1,7396,13.9,-,-,169,0.3,-,-,-,-,-,-,-,-,48878,10,0.0,48868,100.0,21565,44.1,3,0.0,5009,10.2,-,-,14478,29.6,9,0.0,7740,15.8,-,-,64,0.1,-,-,-,-,-,-,-,-,51888,8,0.0,51880,100.0,22375,43.1,8,0.0,5246,10.1,-,-,16746,32.3,-,-,7160,13.8,-,-,345,0.7,-,-,-,-,-,-,-,-,49959,2,0.0,49957,100.0,25789,51.6,-,-,3246,6.5,-,-,14556,29.1,-,-,5820,11.6,-,-,546,1.1,-,-,-,-,-,-,-,-
"대전·세종·충남","합계",260687,55,0.0,255283,97.9,123286,47.3,37,0.0,4266,1.6,12,0.0,95961,36.8,-,-,30348,11.6,1373,0.5,-,-,5349,2.1,270483,33,-,264495,97.8,121904,45.1,19,-,7834,2.9,-,-,103711,38.3,-,-,29719,11.0,-,-,1308,0.5,-,-,5955,2.2,285905,120,-,279775,97.9,124820,43.7,30,-,10350,3.6,-,-,114509,40.1,-,-,28517,10.0,-,-,1549,0.5,-,-,6010,2.1,295939,94,-,290078,98.0,120144,40.6,2,-,15304,5.2,-,-,122169,41.3,-,-,31376,10.6,-,-,1083,0.4,-,-,5767,1.9,5767,1.9,-,-,316964,34,-,310977,98.1,120325,38.0,14,-,19742,6.2,-,-,134370,42.4,-,-,35492,11.2,-,-,1034,0.3,-,-,5953,1.9,5953,1.9,-,-,299288,20,-,293119,97.9,113491,37.9,13,-,21024,7.0,-,-,125201,41.8,-,-,32037,10.7,-,-,1353,0.5,-,-,6149,2.1,6149,2.1,-,-,310462,46,0.0,303370,97.7,114610,36.9,7,0.0,22504,7.2,-,-,130744,42.1,-,-,33838,10.9,-,-,1667,0.5,-,-,7046,2.3,7046,2.3,-,-,315651,13,0.0,308438,97.7,113848,36.1,4,0.0,25622,8.1,-,-,135338,42.9,-,-,31199,9.9,-,-,2427,0.8,-,-,7200,2.3,7200,2.3,-,-,327169,7,0.0,318079,97.2,112576,34.4,2,0.0,27506,8.4,-,-,142772,43.6,-,-,32958,10.1,-,-,2265,0.7,-,-,9083,2.8,9082,2.8,1,0.0,332672,19,0.0,324424,97.5,114942,34.6,-,-,27209,8.2,-,-,149635,45.0,-,-,29679,8.9,-,-,2959,0.9,-,-,8229,2.5,8229,2.5,-,-
"대전·세종·충남","320mL",77867,2,0.0,77865,100.0,46786,60.1,1,0.0,-,-,-,-,31074,39.9,-,-,1,0.0,3,0.0,-,-,-,-,82174,-,-,82174,100.0,48011,58.4,-,-,-,-,-,-,34159,41.6,-,-,-,-,-,-,4,-,-,-,-,-,90597,-,-,90597,100.0,52819,58.3,-,-,-,-,-,-,37769,41.7,-,-,-,-,-,-,9,-,-,-,-,-,88137,-,-,88137,100.0,49106,55.7,-,-,-,-,-,-,39003,44.3,-,-,-,-,-,-,28,-,-,-,-,-,-,-,-,-,99081,-,-,99081,100.0,52430,52.9,2,-,-,-,-,-,46649,47.1,-,-,-,-,-,-,-,-,-,-,-,-,-,-,-,-,82587,2,-,82585,100.0,46685,56.5,-,-,-,-,-,-,35846,43.4,-,-,-,-,-,-,54,0.1,-,-,-,-,-,-,-,-,92724,-,-,92724,100.0,49543,53.4,-,-,-,-,-,-,43106,46.5,-,-,-,-,-,-,75,0.1,-,-,-,-,-,-,-,-,100626,-,-,100626,100.0,51742,51.4,1,0.0,-,-,-,-,48795,48.5,-,-,-,-,-,-,88,0.1,-,-,-,-,-,-,-,-,101521,-,-,101521,100.0,50086,49.3,-,-,-,-,-,-,51421,50.7,-,-,-,-,-,-,14,0.0,-,-,-,-,-,-,-,-,97217,-,-,97217,100.0,47485,48.8,-,-,-,-,-,-,49722,51.1,-,-,-,-,-,-,10,0.0,-,-,-,-,-,-,-,-
"대전·세종·충남","400mL",177471,53,0.0,177418,100.0,76500,43.1,36,0.0,4266,2.4,12,0.0,64887,36.6,-,-,30347,17.1,1370,0.8,-,-,-,-,182354,33,-,182321,100.0,73893,40.5,19,-,7834,4.3,-,-,69552,38.1,-,-,29719,16.3,-,-,1304,0.7,-,-,-,-,189298,120,0.1,189178,99.9,72001,38.0,30,-,10350,5.5,-,-,76740,40.5,-,-,28517,15.1,-,-,1540,0.8,-,-,-,-,202035,94,-,201941,100.0,71038,35.2,2,-,15304,7.6,-,-,83166,41.2,-,-,31376,15.5,-,-,1055,0.5,-,-,-,-,-,-,-,-,211930,34,-,211896,100.0,67895,32.0,12,-,19742,9.3,-,-,87721,41.4,-,-,35492,16.7,-,-,1034,0.5,-,-,-,-,-,-,-,-,210552,18,-,210534,100.0,66806,31.7,13,-,21024,10.0,-,-,89355,42.4,-,-,32037,15.2,-,-,1299,0.6,-,-,-,-,-,-,-,-,210692,46,0.0,210646,100.0,65067,30.9,7,0.0,22504,10.7,-,-,87638,41.6,-,-,33838,16.1,-,-,1592,0.8,-,-,-,-,-,-,-,-,207825,13,0.0,207812,100.0,62106,29.9,3,0.0,25622,12.3,-,-,86543,41.6,-,-,31199,15.0,-,-,2339,1.1,-,-,-,-,-,-,-,-,216565,7,0.0,216558,100.0,62490,28.9,2,0.0,27506,12.7,-,-,91351,42.2,-,-,32958,15.2,-,-,2251,1.0,-,-,-,-,-,-,-,-,227226,19,0.0,227207,100.0,67457,29.7,-,-,27209,12.0,-,-,99913,44.0,-,-,29679,13.1,-,-,2949,1.3,-,-,-,-,-,-,-,-
"전북","합계",154553,81,0.1,153479,99.3,69244,44.8,4,0.0,5233,3.4,-,-,59684,38.6,-,-,14840,9.6,4474,2.9,-,-,993,0.6,167887,49,-,166363,99.1,67338,40.1,-,-,6032,3.6,-,-,65776,39.2,-,-,22346,13.3,-,-,4871,2.9,-,-,1475,0.9,162529,24,-,161320,99.3,64752,39.8,-,-,5874,3.6,-,-,64640,39.8,-,-,19577,12.0,-,-,6477,4.0,-,-,1185,0.7,160580,5,-,159306,99.2,65371,40.7,2,-,5775,3.6,-,-,61812,38.5,-,-,20233,12.6,-,-,6113,3.8,-,-,1269,0.8,1269,0.8,-,-,159214,2,-,157339,98.8,64765,40.7,12,-,6246,3.9,-,-,65909,41.4,-,-,17913,11.3,-,-,2494,1.6,-,-,1873,1.2,1873,1.2,-,-,154900,48,-,152696,98.6,60435,39.0,8,-,6384,4.1,-,-,65812,42.5,-,-,17833,11.5,-,-,2224,1.4,-,-,2156,1.4,2156,1.4,-,-,160161,2,0.0,157887,98.6,59809,37.3,23,0.0,8337,5.2,-,-,71004,44.3,-,-,16811,10.5,-,-,1903,1.2,-,-,2272,1.4,2272,1.4,-,-,149925,4,0.0,147691,98.5,56724,37.8,19,0.0,8602,5.7,-,-,64205,42.8,-,-,15027,10.0,-,-,3114,2.1,-,-,2230,1.5,2230,1.5,-,-,154983,2,0.0,153385,99.0,56819,36.7,2,0.0,10031,6.5,-,-,69972,45.1,-,-,13247,8.5,-,-,3314,2.1,-,-,1596,1.0,1596,1.0,-,-,149793,6,0.0,148151,98.9,56207,37.5,2,0.0,8901,5.9,-,-,70750,47.2,-,-,9829,6.6,-,-,2462,1.6,-,-,1636,1.1,1636,1.1,-,-
"전북","320mL",53516,26,0.0,53490,100.0,30934,57.8,-,-,-,-,-,-,22128,41.3,-,-,-,-,428,0.8,-,-,-,-,54521,5,-,54516,100.0,28797,52.8,-,-,-,-,-,-,24687,45.3,-,-,29,0.1,-,-,1003,1.8,-,-,-,-,54837,3,-,54834,100.0,28841,52.6,-,-,-,-,-,-,24841,45.3,-,-,4,-,-,-,1148,2.1,-,-,-,-,52190,2,-,52188,100.0,27530,52.7,-,-,-,-,-,-,23864,45.7,-,-,-,-,-,-,794,1.5,-,-,-,-,-,-,-,-,53884,-,-,53884,100.0,27495,51.0,-,-,-,-,-,-,25850,48.0,-,-,-,-,-,-,539,1.0,-,-,-,-,-,-,-,-,48871,-,-,48871,100.0,24039,49.2,-,-,-,-,-,-,24570,50.3,-,-,-,-,-,-,262,0.5,-,-,-,-,-,-,-,-,55805,1,0.0,55804,100.0,27493,49.3,1,0.0,-,-,-,-,28104,50.4,-,-,-,-,-,-,206,0.4,-,-,-,-,-,-,-,-,55786,2,0.0,55784,100.0,28456,51.0,-,-,-,-,-,-,26924,48.3,-,-,-,-,-,-,404,0.7,-,-,-,-,-,-,-,-,56674,-,-,56674,100.0,27959,49.3,-,-,-,-,-,-,28551,50.4,-,-,-,-,-,-,164,0.3,-,-,-,-,-,-,-,-,50160,-,-,50160,100.0,23611,47.1,-,-,-,-,-,-,26139,52.1,-,-,-,-,-,-,410,0.8,-,-,-,-,-,-,-,-
"전북","400mL",100044,55,0.1,99989,99.9,38310,38.3,4,0.0,5233,5.2,-,-,37556,37.5,-,-,14840,14.8,4046,4.0,-,-,-,-,111891,44,-,111847,100.0,38541,34.4,-,-,6032,5.4,-,-,41089,36.7,-,-,22317,19.9,-,-,3868,3.5,-,-,-,-,106507,21,-,106486,100.0,35911,33.7,-,-,5874,5.5,-,-,39799,37.4,-,-,19573,18.4,-,-,5329,5.0,-,-,-,-,107121,3,-,107118,100.0,37841,35.3,2,-,5775,5.4,-,-,37948,35.4,-,-,20233,18.9,-,-,5319,5.0,-,-,-,-,-,-,-,-,103457,2,-,103455,100.0,37270,36.0,12,-,6246,6.0,-,-,40059,38.7,-,-,17913,17.3,-,-,1955,1.9,-,-,-,-,-,-,-,-,103873,48,-,103825,100.0,36396,35.0,8,-,6384,6.1,-,-,41242,39.7,-,-,17833,17.2,-,-,1962,1.9,-,-,-,-,-,-,-,-,102084,1,0.0,102083,100.0,32316,31.7,22,0.0,8337,8.2,-,-,42900,42.0,-,-,16811,16.5,-,-,1697,1.7,-,-,-,-,-,-,-,-,91909,2,0.0,91907,100.0,28268,30.8,19,0.0,8602,9.4,-,-,37281,40.6,-,-,15027,16.3,-,-,2710,2.9,-,-,-,-,-,-,-,-,96713,2,0.0,96711,100.0,28860,29.8,2,0.0,10031,10.4,-,-,41421,42.8,-,-,13247,13.7,-,-,3150,3.3,-,-,-,-,-,-,-,-,97997,6,0.0,97991,100.0,32596,33.3,2,0.0,8901,9.1,-,-,44611,45.5,-,-,9829,10.0,-,-,2052,2.1,-,-,-,-,-,-,-,-
"광주·전남","합계",327225,435,0.1,319638,97.7,131332,40.1,372,0.1,12897,3.9,-,-,124264,38.0,-,-,39893,12.2,10880,3.3,-,-,7152,2.2,297273,423,0.1,288930,97.2,125445,42.2,307,0.1,13501,4.5,-,-,110914,37.3,-,-,30329,10.2,-,-,8434,2.8,-,-,7920,2.7,300315,381,0.1,291713,97.1,119242,39.7,208,0.1,14481,4.8,-,-,121871,40.6,-,-,27960,9.3,-,-,7951,2.6,-,-,8221,2.7,302506,287,0.1,292292,96.6,114762,37.9,106,-,15498,5.1,-,-,125747,41.6,-,-,25909,8.6,-,-,10270,3.4,-,-,9927,3.3,9927,3.3,-,-,311067,357,0.1,300421,96.6,114427,36.8,192,0.1,16457,5.3,-,-,129556,41.6,-,-,27669,8.9,-,-,12120,3.9,-,-,10289,3.3,10289,3.3,-,-,300587,104,-,290197,96.5,107818,35.9,226,0.1,17485,5.8,-,-,129286,43.0,-,-,26116,8.7,-,-,9266,3.1,-,-,10286,3.4,10286,3.4,-,-,308015,47,0.0,295933,96.1,108377,35.2,77,0.0,19011,6.2,-,-,129982,42.2,-,-,27546,8.9,-,-,10940,3.6,-,-,12035,3.9,12033,3.9,2,0.0,289644,14,0.0,278777,96.2,105780,36.5,39,0.0,18119,6.3,-,-,120327,41.5,-,-,23415,8.1,-,-,11097,3.8,-,-,10853,3.7,10853,3.7,-,-,300600,8,0.0,287600,95.7,106328,35.4,56,0.0,20077,6.7,-,-,123327,41.0,-,-,24949,8.3,-,-,12863,4.3,-,-,12992,4.3,12992,4.3,-,-,284347,10,0.0,273897,96.3,106424,37.4,43,0.0,17819,6.3,-,-,120633,42.4,-,-,20260,7.1,-,-,8718,3.1,-,-,10440,3.7,10403,3.7,37,0.0
"광주·전남","320mL",132080,6,0.0,132074,100.0,71042,53.8,6,0.0,-,-,-,-,58447,44.3,-,-,-,-,2579,2.0,-,-,-,-,123564,4,-,123560,100.0,67321,54.5,6,-,-,-,-,-,53215,43.1,-,-,-,-,-,-,3018,2.4,-,-,-,-,124480,12,-,124468,100.0,62178,50.0,2,-,-,-,-,-,60769,48.8,-,-,-,-,-,-,1519,1.2,-,-,-,-,121893,7,-,121886,100.0,59632,48.9,-,-,-,-,-,-,60165,49.4,-,-,-,-,-,-,2089,1.7,-,-,-,-,-,-,-,-,120208,5,-,120203,100.0,58037,48.3,-,-,-,-,-,-,60113,50.0,-,-,-,-,-,-,2053,1.7,-,-,-,-,-,-,-,-,105009,-,-,105009,100.0,50259,47.9,-,-,-,-,-,-,53511,51.0,-,-,-,-,-,-,1239,1.2,-,-,-,-,-,-,-,-,105799,1,0.0,105798,100.0,50805,48.0,-,-,-,-,-,-,53120,50.2,-,-,8,0.0,-,-,1865,1.8,-,-,-,-,-,-,-,-,103086,-,-,103086,100.0,49712,48.2,-,-,-,-,-,-,51989,50.4,-,-,-,-,-,-,1385,1.3,-,-,-,-,-,-,-,-,110021,-,-,110021,100.0,53902,49.0,-,-,-,-,-,-,53997,49.1,-,-,-,-,-,-,2122,1.9,-,-,-,-,-,-,-,-,94957,-,-,94957,100.0,47134,49.6,-,-,-,-,-,-,46485,49.0,-,-,-,-,-,-,1338,1.4,-,-,-,-,-,-,-,-
"광주·전남","400mL",187993,429,0.2,187564,99.8,60290,32.1,366,0.2,12897,6.9,-,-,65817,35.0,-,-,39893,21.2,8301,4.4,-,-,-,-,165789,419,0.3,165370,99.7,58124,35.1,301,0.2,13501,8.1,-,-,57699,34.8,-,-,30329,18.3,-,-,5416,3.3,-,-,-,-,167614,369,0.2,167245,99.8,57064,34.0,206,0.1,14481,8.6,-,-,61102,36.5,-,-,27960,16.7,-,-,6432,3.8,-,-,-,-,170686,280,0.2,170406,99.8,55130,32.3,106,0.1,15498,9.1,-,-,65582,38.4,-,-,25909,15.2,-,-,8181,4.8,-,-,-,-,-,-,-,-,180570,352,0.2,180218,99.8,56390,31.2,192,0.1,16457,9.1,-,-,69443,38.5,-,-,27669,15.3,-,-,10067,5.6,-,-,-,-,-,-,-,-,185292,104,0.1,185188,99.9,57559,31.1,226,0.1,17485,9.4,-,-,75775,40.9,-,-,26116,14.1,-,-,8027,4.3,-,-,-,-,-,-,-,-,190181,46,0.0,190135,100.0,57572,30.3,77,0.0,19011,10.0,-,-,76862,40.4,-,-,27538,14.5,-,-,9075,4.8,-,-,-,-,-,-,-,-,175705,14,0.0,175691,100.0,56068,31.9,39,0.0,18119,10.3,-,-,68338,38.9,-,-,23415,13.3,-,-,9712,5.5,-,-,-,-,-,-,-,-,177587,8,0.0,177579,100.0,52426,29.5,56,0.0,20077,11.3,-,-,69330,39.0,-,-,24949,14.0,-,-,10741,6.0,-,-,-,-,-,-,-,-,178950,10,0.0,178940,100.0,59290,33.1,43,0.0,17819,10.0,-,-,74148,41.4,-,-,20260,11.3,-,-,7380,4.1,-,-,-,-,-,-,-,-
"경남","합계",161056,65,0.0,157816,98.0,90813,56.4,75,0.0,7056,4.4,-,-,38477,23.9,3,0.0,21168,13.1,224,0.1,-,-,3175,2.0,155194,57,-,151437,97.6,86699,55.9,110,0.1,7829,5.0,-,-,38072,24.5,-,-,18376,11.8,-,-,351,0.2,-,-,3700,2.4,163873,23,-,160101,97.7,85588,52.2,46,-,9114,5.6,-,-,46595,28.4,-,-,18373,11.2,-,-,385,0.2,-,-,3749,2.3,168789,16,-,164947,97.7,84934,50.3,21,-,9475,5.6,-,-,53990,32.0,-,-,15957,9.5,-,-,570,0.3,-,-,3826,2.3,3826,2.3,-,-,175553,28,-,170980,97.4,83674,47.7,12,-,10826,6.2,-,-,61561,35.1,6,-,14454,8.2,-,-,447,0.3,-,-,4545,2.6,4545,2.6,-,-,180009,53,-,174640,97.0,79767,44.3,19,-,11473,6.4,-,-,68428,38.0,-,-,14550,8.1,-,-,403,0.2,-,-,5316,3.0,5316,3.0,-,-,184820,30,0.0,179417,97.1,78434,42.4,33,0.0,12041,6.5,-,-,73894,40.0,-,-,14705,8.0,-,-,310,0.2,-,-,5373,2.9,5373,2.9,-,-,180538,14,0.0,176171,97.6,78113,43.3,45,0.0,10856,6.0,-,-,73893,40.9,-,-,12941,7.2,-,-,323,0.2,-,-,4353,2.4,4353,2.4,-,-,188745,15,0.0,184972,98.0,78913,41.8,35,0.0,11526,6.1,-,-,79007,41.9,-,-,15181,8.0,-,-,310,0.2,-,-,3758,2.0,3758,2.0,-,-,202105,18,0.0,197567,97.8,84844,42.0,36,0.0,12532,6.2,-,-,83294,41.2,-,-,16364,8.1,-,-,497,0.2,-,-,4520,2.2,4520,2.2,-,-
"경남","320mL",52828,3,0.0,52825,100.0,38983,73.8,7,0.0,-,-,-,-,13819,26.2,-,-,-,-,16,0.0,-,-,-,-,47865,3,-,47862,100.0,35208,73.6,3,-,-,-,-,-,12639,26.4,-,-,1,-,-,-,11,-,-,-,-,-,52558,-,-,52558,100.0,35361,67.3,-,-,-,-,-,-,17103,32.5,-,-,-,-,-,-,94,0.2,-,-,-,-,58777,-,-,58777,100.0,37231,63.3,4,-,-,-,-,-,21459,36.5,-,-,-,-,-,-,83,0.1,-,-,-,-,-,-,-,-,63972,1,-,63971,100.0,39067,61.1,-,-,-,-,-,-,24807,38.8,-,-,-,-,-,-,97,0.2,-,-,-,-,-,-,-,-,55073,-,-,55073,100.0,32501,59.0,-,-,-,-,-,-,22564,41.0,-,-,-,-,-,-,8,-,-,-,-,-,-,-,-,-,58648,2,0.0,58646,100.0,32398,55.2,2,0.0,-,-,-,-,26239,44.7,-,-,-,-,-,-,7,0.0,-,-,-,-,-,-,-,-,60454,-,-,60454,100.0,33473,55.4,-,-,-,-,-,-,26960,44.6,-,-,-,-,-,-,21,0.0,-,-,-,-,-,-,-,-,60723,-,-,60723,100.0,32346,53.3,-,-,-,-,-,-,28367,46.7,-,-,-,-,-,-,10,0.0,-,-,-,-,-,-,-,-,59979,-,-,59979,100.0,31966,53.3,-,-,-,-,-,-,28013,46.7,-,-,-,-,-,-,-,-,-,-,-,-,-,-,-,-
"경남","400mL",105053,62,0.1,104991,99.9,51830,49.3,68,0.1,7056,6.7,-,-,24658,23.5,3,0.0,21168,20.1,208,0.2,-,-,-,-,103629,54,0.1,103575,99.9,51491,49.7,107,0.1,7829,7.6,-,-,25433,24.5,-,-,18375,17.7,-,-,340,0.3,-,-,-,-,107566,23,-,107543,100.0,50227,46.7,46,-,9114,8.5,-,-,29492,27.4,-,-,18373,17.1,-,-,291,0.3,-,-,-,-,106186,16,-,106170,100.0,47703,44.9,17,-,9475,8.9,-,-,32531,30.6,-,-,15957,15.0,-,-,487,0.5,-,-,-,-,-,-,-,-,107036,27,-,107009,100.0,44607,41.7,12,-,10826,10.1,-,-,36754,34.3,6,-,14454,13.5,-,-,350,0.3,-,-,-,-,-,-,-,-,119620,53,-,119567,100.0,47266,39.5,19,-,11473,9.6,-,-,45864,38.3,-,-,14550,12.2,-,-,395,0.3,-,-,-,-,-,-,-,-,120799,28,0.0,120771,100.0,46036,38.1,31,0.0,12041,10.0,-,-,47655,39.4,-,-,14705,12.2,-,-,303,0.3,-,-,-,-,-,-,-,-,115731,14,0.0,115717,100.0,44640,38.6,45,0.0,10856,9.4,-,-,46933,40.6,-,-,12941,11.2,-,-,302,0.3,-,-,-,-,-,-,-,-,124264,15,0.0,124249,100.0,46567,37.5,35,0.0,11526,9.3,-,-,50640,40.8,-,-,15181,12.2,-,-,300,0.2,-,-,-,-,-,-,-,-,137606,18,0.0,137588,100.0,52878,38.4,36,0.0,12532,9.1,-,-,55281,40.2,-,-,16364,11.9,-,-,497,0.4,-,-,-,-,-,-,-,-
"제주","합계",41753,2,0.0,40811,97.7,22475,53.8,15,0.0,60,0.1,-,-,11655,27.9,-,-,6402,15.3,204,0.5,-,-,940,2.3,41284,4,-,40108,97.2,23359,56.6,4,-,108,0.3,-,-,9983,24.2,-,-,6433,15.6,-,-,221,0.5,-,-,1172,2.8,43729,-,-,42272,96.7,23935,54.7,7,-,70,0.2,-,-,11223,25.7,-,-,6458,14.8,-,-,579,1.3,-,-,1457,3.3,50245,-,-,48972,97.5,25022,49.8,8,-,106,0.2,-,-,17026,33.9,-,-,5982,11.9,-,-,828,1.6,-,-,1273,2.5,1273,2.5,-,-,50814,6,-,49474,97.4,24122,47.5,36,0.1,1592,3.1,-,-,15968,31.4,-,-,7212,14.2,-,-,544,1.1,-,-,1334,2.6,1334,2.6,-,-,51978,26,0.1,50268,96.7,22956,44.2,5,-,2326,4.5,-,-,17688,34.0,-,-,6600,12.7,-,-,693,1.3,-,-,1684,3.2,1684,3.2,-,-,47563,2,0.0,46047,96.8,21453,45.1,2,0.0,2046,4.3,-,-,15216,32.0,-,-,6734,14.2,-,-,596,1.3,-,-,1514,3.2,1514,3.2,-,-,46893,-,-,45088,96.2,20810,44.4,10,0.0,2349,5.0,-,-,14493,30.9,-,-,6821,14.5,-,-,605,1.3,-,-,1805,3.8,1805,3.8,-,-,48832,2,0.0,46785,95.8,20509,42.0,5,0.0,3092,6.3,-,-,15857,32.5,-,-,6416,13.1,-,-,906,1.9,-,-,2045,4.2,2045,4.2,-,-,42680,2,0.0,40860,95.7,18889,44.3,1,0.0,2414,5.7,-,-,13029,30.5,-,-,5802,13.6,-,-,725,1.7,-,-,1818,4.3,1818,4.3,-,-
"제주","320mL",17973,2,0.0,17971,100.0,11924,66.3,-,-,-,-,-,-,5658,31.5,-,-,331,1.8,58,0.3,-,-,-,-,16774,4,-,16770,100.0,11740,70.0,-,-,-,-,-,-,4757,28.4,-,-,216,1.3,-,-,57,0.3,-,-,-,-,17619,-,-,17619,100.0,12001,68.1,-,-,-,-,-,-,5118,29.0,-,-,394,2.2,-,-,106,0.6,-,-,-,-,20503,-,-,20503,100.0,12137,59.2,-,-,-,-,-,-,7967,38.9,-,-,256,1.2,-,-,143,0.7,-,-,-,-,-,-,-,-,20806,6,-,20800,100.0,12743,61.2,2,-,-,-,-,-,7856,37.8,-,-,96,0.5,-,-,103,0.5,-,-,-,-,-,-,-,-,19128,26,0.1,19102,99.9,10828,56.6,-,-,-,-,-,-,8056,42.1,-,-,170,0.9,-,-,48,0.3,-,-,-,-,-,-,-,-,16509,2,0.0,16507,100.0,9645,58.4,1,0.0,-,-,-,-,6618,40.1,-,-,177,1.1,-,-,66,0.4,-,-,-,-,-,-,-,-,16692,-,-,16692,100.0,10091,60.5,-,-,-,-,-,-,6294,37.7,-,-,300,1.8,-,-,7,0.0,-,-,-,-,-,-,-,-,17057,2,0.0,17055,100.0,9891,58.0,-,-,-,-,-,-,6912,40.5,-,-,140,0.8,-,-,112,0.7,-,-,-,-,-,-,-,-,14840,2,0.0,14838,100.0,8838,59.6,1,0.0,-,-,-,-,5864,39.5,-,-,126,0.8,-,-,9,0.1,-,-,-,-,-,-,-,-
"제주","400mL",22840,-,-,22840,100.0,10551,46.2,15,0.1,60,0.3,-,-,5997,26.3,-,-,6071,26.6,146,0.6,-,-,-,-,23338,-,-,23338,100.0,11619,49.8,4,-,108,0.5,-,-,5226,22.4,-,-,6217,26.6,-,-,164,0.7,-,-,-,-,24653,-,-,24653,100.0,11934,48.4,7,-,70,0.3,-,-,6105,24.8,-,-,6064,24.6,-,-,473,1.9,-,-,-,-,28469,-,-,28469,100.0,12885,45.3,8,-,106,0.4,-,-,9059,31.8,-,-,5726,20.1,-,-,685,2.4,-,-,-,-,-,-,-,-,28674,-,-,28674,100.0,11379,39.7,34,0.1,1592,5.6,-,-,8112,28.3,-,-,7116,24.8,-,-,441,1.5,-,-,-,-,-,-,-,-,31166,-,-,31166,100.0,12128,38.9,5,-,2326,7.5,-,-,9632,30.9,-,-,6430,20.6,-,-,645,2.1,-,-,-,-,-,-,-,-,29540,-,-,29540,100.0,11808,40.0,1,0.0,2046,6.9,-,-,8598,29.1,-,-,6557,22.2,-,-,530,1.8,-,-,-,-,-,-,-,-,28396,-,-,28396,100.0,10719,37.7,10,0.0,2349,8.3,-,-,8199,28.9,-,-,6521,23.0,-,-,598,2.1,-,-,-,-,-,-,-,-,29730,-,-,29730,100.0,10618,35.7,5,0.0,3092,10.4,-,-,8945,30.1,-,-,6276,21.1,-,-,794,2.7,-,-,-,-,-,-,-,-,26022,-,-,26022,100.0,10051,38.6,-,-,2414,9.3,-,-,7165,27.5,-,-,5676,21.8,-,-,716,2.8,-,-,-,-,-,-,-,-
